passengerCount,tripDistance,hour_of_day,day_of_week,month_num,normalizeHolidayName,isPaidTimeOff,snowDepth,precipTime,precipDepth,temperature,totalAmount
1.0,9.4,15,2,1,None,false,29.058823529411764,24.0,3.0,6.18571428571429,44.3
null,14.75,13,4,1,None,false,0.0,6.0,0.0,4.571929824561403,44.8
1.0,3.35,23,4,1,None,false,0.0,1.0,0.0,4.384090909090913,18.96
1.0,3.33,18,2,1,None,false,29.058823529411764,24.0,3.0,6.18571428571429,16.3
1.0,0.47,17,6,1,None,false,0.0,1.0,0.0,3.846428571428569,5.3
1.0,3.07,9,1,1,None,false,0.0,6.0,0.0,0.1594594594594597,16.3
1.0,0.92,23,4,1,None,false,0.0,1.0,0.0,-2.999107142857142,8.97
1.0,1.9,12,4,1,None,false,0.0,1.0,0.0,4.384090909090913,11.8
1.0,0.77,0,1,1,None,false,0.0,1.0,0.0,-5.393749999999998,7.3
null,2.35,2,6,1,None,false,0.0,24.0,254.0,10.943654822335034,14.16
1.0,8.3,18,3,1,None,false,0.0,1.0,0.0,-0.040000000000000036,34.3
null,4.28,18,0,1,"Martin Luther King, Jr. Day",true,3.0,24.0,13.0,-2.3351145038167944,18.96
1.0,10.77,2,2,1,None,false,29.058823529411764,24.0,3.0,6.18571428571429,31.3
1.0,1.75,17,3,1,None,false,0.0,6.0,0.0,-1.9500000000000008,14.3
1.0,3.75,2,4,1,New Year's Day,true,0.0,1.0,0.0,5.197345132743359,19.3
1.0,5.79,14,6,1,None,false,0.0,1.0,0.0,3.846428571428569,33.55
5.0,1.06,19,4,1,None,false,15.647058823529413,6.0,0.0,3.3651785714285696,8.3
1.0,5.7,11,2,1,None,false,0.0,6.0,0.0,-2.06875,29.1
1.0,3.26,10,3,1,None,false,0.0,6.0,0.0,-1.9500000000000008,23.34
1.0,2.68,20,2,1,None,false,0.0,6.0,0.0,-2.06875,10.3
1.0,8.46,1,6,1,None,false,3.0,24.0,13.0,2.4039473684210493,28.3
1.0,0.94,14,0,1,None,false,0.0,24.0,282.0,2.462499999999998,13.56
null,0.77,15,1,1,None,false,0.0,6.0,0.0,-7.20625,7.8
1.0,0.62,15,4,1,None,false,15.647058823529413,6.0,0.0,3.3651785714285696,7.25
1.0,2.15,11,3,1,None,false,0.0,6.0,0.0,3.180645161290322,22.56
1.0,1.98,10,2,1,None,false,0.0,1.0,0.0,-0.15357142857142847,12.36
1.0,1.05,13,6,1,None,false,0.0,24.0,254.0,10.943654822335034,6.8
1.0,0.8,9,4,1,None,false,0.0,1.0,0.0,-2.999107142857142,6.96
3.0,0.83,8,4,1,None,false,0.0,1.0,0.0,-2.999107142857142,6.3
1.0,1.2,11,0,1,"Martin Luther King, Jr. Day",true,3.0,24.0,13.0,-2.3351145038167944,9.35
1.0,1.56,15,2,1,None,false,0.0,1.0,0.0,-0.15357142857142847,8.3
1.0,0.83,2,4,1,None,false,0.0,1.0,0.0,-2.999107142857142,6.3
1.0,2.77,22,1,1,None,false,43.529411764705884,6.0,0.0,3.5794642857142853,12.8
1.0,0.53,4,4,1,New Year's Day,true,0.0,1.0,0.0,5.197345132743359,4.8
1.0,15.0,8,1,1,None,false,43.529411764705884,6.0,0.0,3.5794642857142853,52.55
1.0,0.56,3,4,1,New Year's Day,true,0.0,1.0,0.0,5.197345132743359,5.8
1.0,2.64,17,2,1,None,false,29.058823529411764,24.0,3.0,6.18571428571429,16.3
1.0,1.47,13,0,1,None,false,54.411764705882355,6.0,0.0,-0.3089285714285713,10.3
1.0,2.04,13,1,1,None,false,43.529411764705884,6.0,0.0,3.5794642857142853,16.3
1.0,1.42,2,6,1,None,false,3.0,24.0,13.0,2.4039473684210493,8.3
5.0,2.57,5,4,1,None,false,0.0,1.0,0.0,-2.999107142857142,11.3
1.0,1.63,20,0,1,None,false,54.411764705882355,6.0,0.0,-0.3089285714285713,11.3
1.0,1.77,21,4,1,None,false,15.647058823529413,6.0,0.0,3.3651785714285696,9.8
1.0,4.53,19,0,1,None,false,0.0,24.0,282.0,2.462499999999998,21.96
1.0,2.31,17,4,1,New Year's Day,true,0.0,1.0,0.0,5.197345132743359,10.3
1.0,3.9,17,5,1,None,false,12.722222222222221,6.0,0.0,0.6133928571428571,19.1
1.0,0.88,9,6,1,None,false,0.0,24.0,254.0,10.943654822335034,6.3
1.0,2.03,13,3,1,None,false,0.0,6.0,0.0,3.180645161290322,11.3
1.0,1.8,11,2,1,None,false,0.0,1.0,0.0,-0.15357142857142847,9.3
6.0,20.37,8,3,1,None,false,0.0,6.0,0.0,3.180645161290322,67.8
1.0,1.24,7,4,1,None,false,15.647058823529413,6.0,0.0,3.3651785714285696,8.8
1.0,1.35,18,0,1,None,false,54.411764705882355,6.0,0.0,-0.3089285714285713,10.56
1.0,6.2,22,5,1,None,false,0.0,24.0,102.0,7.808965517241381,3.8
1.0,1.28,23,3,1,None,false,0.0,1.0,0.0,-0.040000000000000036,9.36
1.0,4.89,2,6,1,None,false,0.0,24.0,254.0,10.943654822335034,21.96
1.0,1.58,20,4,1,New Year's Day,true,0.0,1.0,0.0,5.197345132743359,10.3
1.0,1.46,16,2,1,None,false,0.0,1.0,0.0,-0.15357142857142847,11.8
1.0,4.66,15,5,1,None,false,0.0,24.0,102.0,7.808965517241381,18.8
1.0,1.05,17,4,1,None,false,15.647058823529413,6.0,0.0,3.3651785714285696,11.16
1.0,3.02,13,4,1,None,false,0.0,6.0,0.0,4.571929824561403,11.8
1.0,15.6,13,0,1,None,false,54.411764705882355,6.0,0.0,-0.3089285714285713,46.3
1.0,0.4,16,1,1,None,false,0.0,1.0,0.0,-5.393749999999998,6.3
1.0,4.94,22,2,1,None,false,0.0,6.0,0.0,-2.06875,17.3
1.0,4.29,21,1,1,None,false,0.0,6.0,0.0,0.1594594594594597,20.16
1.0,1.47,11,1,1,None,false,0.0,6.0,0.0,0.1594594594594597,9.3
1.0,0.55,21,6,1,None,false,0.0,1.0,0.0,3.846428571428569,5.8
2.0,1.03,14,3,1,None,false,20.47058823529412,1.0,0.0,2.003571428571429,15.3
1.0,2.1,18,3,1,None,false,0.0,1.0,0.0,-0.040000000000000036,19.75
null,6.04,1,4,1,None,false,0.0,1.0,0.0,4.384090909090913,28.84
6.0,2.73,9,3,1,None,false,0.0,6.0,0.0,-1.9500000000000008,18.96
1.0,6.5,17,0,1,"Martin Luther King, Jr. Day",true,3.0,24.0,13.0,-2.3351145038167944,29.15
1.0,3.33,0,0,1,None,false,0.0,1.0,0.0,0.12389380530973428,12.3
3.0,13.31,15,1,1,None,false,0.0,1.0,0.0,-5.393749999999998,45.43
1.0,1.36,5,6,1,None,false,0.0,24.0,254.0,10.943654822335034,9.75
1.0,3.24,19,1,1,None,false,43.529411764705884,6.0,0.0,3.5794642857142853,18.96
1.0,7.6,19,1,1,None,false,0.0,6.0,0.0,0.1594594594594597,27.8
2.0,2.38,20,5,1,None,false,12.722222222222221,6.0,0.0,0.6133928571428571,15.8
2.0,2.13,8,0,1,None,false,0.0,1.0,0.0,0.12389380530973428,14.16
1.0,4.08,18,5,1,None,false,0.0,6.0,3.0,6.710273972602741,18.3
1.0,1.33,19,6,1,None,false,0.0,24.0,254.0,10.943654822335034,8.3
5.0,1.05,15,0,1,None,false,54.411764705882355,6.0,0.0,-0.3089285714285713,6.8
1.0,0.92,18,3,1,None,false,0.0,6.0,0.0,3.180645161290322,9.8
1.0,3.85,8,0,1,"Martin Luther King, Jr. Day",true,3.0,24.0,13.0,-2.3351145038167944,15.3
1.0,2.43,7,2,1,None,false,29.058823529411764,24.0,3.0,6.18571428571429,22.56
1.0,2.8,22,2,1,None,false,0.0,6.0,0.0,-0.8963963963963966,15.95
1.0,1.24,22,3,1,None,false,0.0,6.0,0.0,3.180645161290322,8.3
1.0,7.1,17,0,1,"Martin Luther King, Jr. Day",true,3.0,24.0,13.0,-2.3351145038167944,30.36
1.0,2.3,8,5,1,None,false,0.0,24.0,102.0,7.808965517241381,11.8
5.0,0.67,9,4,1,None,false,15.647058823529413,6.0,0.0,3.3651785714285696,5.3
2.0,1.74,22,5,1,None,false,0.0,24.0,102.0,7.808965517241381,11.3
1.0,3.42,3,1,1,None,false,43.529411764705884,6.0,0.0,3.5794642857142853,15.3
1.0,1.37,14,6,1,None,false,67.0909090909091,24.0,462.0,-2.702112676056339,8.3
5.0,0.63,7,2,1,None,false,0.0,1.0,0.0,-0.15357142857142847,null
1.0,0.7,14,1,1,None,false,0.0,6.0,0.0,0.1594594594594597,5.3
1.0,0.59,22,2,1,None,false,0.0,6.0,0.0,-2.06875,5.8
1.0,3.6,8,3,1,None,false,0.0,1.0,0.0,-0.040000000000000036,23.3
1.0,2.98,16,0,1,"Martin Luther King, Jr. Day",true,3.0,24.0,13.0,-2.3351145038167944,14.3
2.0,1.0,13,1,1,None,false,0.0,1.0,0.0,-5.393749999999998,6.8
3.0,0.75,11,0,1,None,false,0.0,1.0,0.0,0.12389380530973428,7.3
2.0,6.0,21,4,1,None,false,0.0,1.0,0.0,-2.999107142857142,23.8
1.0,0.9,16,0,1,"Martin Luther King, Jr. Day",true,3.0,24.0,13.0,-2.3351145038167944,7.88
1.0,8.2,3,3,1,None,false,0.0,6.0,0.0,3.180645161290322,26.3
1.0,7.9,14,0,1,None,false,54.411764705882355,6.0,0.0,-0.3089285714285713,53.5
1.0,5.28,3,5,1,None,false,12.722222222222221,6.0,0.0,0.6133928571428571,23.16
5.0,6.82,15,5,1,None,false,12.722222222222221,6.0,0.0,0.6133928571428571,23.8
1.0,3.55,21,4,1,None,false,0.0,6.0,0.0,4.571929824561403,16.44
3.0,1.3,20,5,1,None,false,0.0,24.0,102.0,7.808965517241381,12.25
1.0,1.54,23,1,1,None,false,0.0,1.0,0.0,-5.393749999999998,9.96
1.0,2.3,1,5,1,None,false,0.0,24.0,102.0,7.808965517241381,10.3
1.0,1.03,9,6,1,None,false,0.0,24.0,254.0,10.943654822335034,6.3
1.0,0.74,23,1,1,None,false,0.0,6.0,0.0,0.1594594594594597,5.8
1.0,1.2,22,0,1,None,false,54.411764705882355,6.0,0.0,-0.3089285714285713,8.8
1.0,6.1,23,1,1,None,false,0.0,6.0,0.0,0.1594594594594597,29.8
1.0,0.45,8,4,1,None,false,0.0,1.0,0.0,-2.999107142857142,4.8
1.0,2.1,15,0,1,None,false,0.0,24.0,282.0,2.462499999999998,15.3
1.0,0.81,17,4,1,None,false,15.647058823529413,6.0,0.0,3.3651785714285696,7.8
5.0,4.86,13,6,1,None,false,3.0,24.0,13.0,2.4039473684210493,22.56
1.0,4.13,22,4,1,New Year's Day,true,0.0,1.0,0.0,5.197345132743359,17.3
1.0,4.36,10,1,1,None,false,0.0,6.0,0.0,-7.20625,15.3
3.0,1.4,1,6,1,None,false,0.0,1.0,0.0,3.846428571428569,9.95
1.0,2.1,12,1,1,None,false,0.0,1.0,0.0,-5.393749999999998,12.96
1.0,3.45,14,1,1,None,false,0.0,1.0,0.0,-5.393749999999998,22.8
1.0,0.73,23,4,1,None,false,0.0,1.0,0.0,-2.999107142857142,6.3
1.0,0.61,16,2,1,None,false,29.058823529411764,24.0,3.0,6.18571428571429,7.56
1.0,7.24,23,2,1,None,false,0.0,6.0,0.0,-0.8963963963963966,30.38
1.0,2.74,13,5,1,None,false,0.0,1.0,0.0,2.567857142857142,16.0
1.0,1.89,2,3,1,None,false,0.0,1.0,0.0,-0.040000000000000036,11.8
1.0,1.88,1,5,1,None,false,0.0,1.0,0.0,2.567857142857142,10.8
1.0,2.62,21,5,1,None,false,12.722222222222221,6.0,0.0,0.6133928571428571,13.3
1.0,5.2,0,3,1,None,false,20.47058823529412,1.0,0.0,2.003571428571429,21.35
1.0,2.49,18,2,1,None,false,0.0,6.0,0.0,-0.8963963963963966,14.3
1.0,0.73,16,2,1,None,false,0.0,6.0,0.0,-2.06875,8.76
6.0,4.75,1,5,1,None,false,0.0,24.0,102.0,7.808965517241381,21.96
1.0,11.9,0,0,1,None,false,54.411764705882355,6.0,0.0,-0.3089285714285713,40.84
1.0,2.4,15,1,1,None,false,0.0,6.0,0.0,-7.20625,15.8
3.0,1.5,3,4,1,New Year's Day,true,0.0,1.0,0.0,5.197345132743359,9.3
null,0.74,2,4,1,New Year's Day,true,0.0,1.0,0.0,5.197345132743359,8.3
1.0,9.04,10,3,1,None,false,0.0,6.0,0.0,3.180645161290322,43.61
3.0,0.55,20,0,1,None,false,0.0,1.0,0.0,0.12389380530973428,6.62
1.0,3.8,20,4,1,None,false,0.0,1.0,0.0,4.384090909090913,16.6
1.0,1.09,23,5,1,None,false,12.722222222222221,6.0,0.0,0.6133928571428571,7.8
1.0,0.56,7,1,1,None,false,0.0,6.0,0.0,-7.20625,10.0
null,1.81,15,6,1,None,false,0.0,1.0,0.0,3.846428571428569,8.3
1.0,3.41,19,2,1,None,false,29.058823529411764,24.0,3.0,6.18571428571429,19.3
2.0,3.2,22,6,1,None,false,3.0,24.0,13.0,2.4039473684210493,13.3
1.0,6.48,12,0,1,None,false,0.0,1.0,0.0,0.12389380530973428,25.3
1.0,1.2,9,0,1,None,false,54.411764705882355,6.0,0.0,-0.3089285714285713,12.3
1.0,2.3,17,6,1,None,false,3.0,24.0,13.0,2.4039473684210493,13.3
1.0,1.18,22,2,1,None,false,0.0,6.0,0.0,-0.8963963963963966,8.3
null,1.17,17,4,1,None,false,0.0,1.0,0.0,4.384090909090913,8.8
3.0,2.0,14,2,1,None,false,0.0,6.0,0.0,-0.8963963963963966,16.8
3.0,2.44,8,0,1,None,false,0.0,1.0,0.0,0.12389380530973428,19.24
1.0,2.37,14,6,1,None,false,67.0909090909091,24.0,462.0,-2.702112676056339,14.12
1.0,5.7,8,3,1,None,false,0.0,1.0,0.0,-0.040000000000000036,26.3
1.0,4.2,17,1,1,None,false,0.0,1.0,0.0,-5.393749999999998,19.8
1.0,0.47,12,2,1,None,false,0.0,1.0,0.0,-0.15357142857142847,4.3
1.0,2.91,23,2,1,None,false,0.0,1.0,0.0,-0.15357142857142847,13.8
1.0,5.4,8,4,1,None,false,15.647058823529413,6.0,0.0,3.3651785714285696,27.0
1.0,1.32,11,0,1,None,false,0.0,1.0,0.0,0.12389380530973428,8.3
5.0,7.72,1,4,1,New Year's Day,true,0.0,1.0,0.0,5.197345132743359,26.8
1.0,2.1,2,6,1,None,false,3.0,24.0,13.0,2.4039473684210493,10.8
1.0,0.94,22,1,1,None,false,0.0,1.0,0.0,-5.393749999999998,6.8
1.0,1.02,8,1,1,None,false,0.0,6.0,0.0,0.1594594594594597,8.8
2.0,0.52,5,6,1,None,false,0.0,24.0,254.0,10.943654822335034,6.3
1.0,1.96,7,2,1,None,false,0.0,6.0,0.0,-0.8963963963963966,10.56
1.0,3.33,13,0,1,"Martin Luther King, Jr. Day",true,3.0,24.0,13.0,-2.3351145038167944,18.5
1.0,9.47,17,3,1,None,false,0.0,6.0,0.0,-1.9500000000000008,41.76
1.0,11.6,11,5,1,None,false,0.0,1.0,0.0,2.567857142857142,34.3
1.0,5.87,23,4,1,None,false,0.0,6.0,0.0,4.571929824561403,24.36
1.0,1.6,16,3,1,None,false,0.0,1.0,0.0,-0.040000000000000036,13.8
1.0,13.5,22,1,1,None,false,0.0,1.0,0.0,-5.393749999999998,43.8
1.0,3.04,6,6,1,None,false,0.0,1.0,0.0,3.846428571428569,12.8
1.0,1.06,23,5,1,None,false,0.0,24.0,102.0,7.808965517241381,10.14
null,2.01,4,5,1,None,false,12.722222222222221,6.0,0.0,0.6133928571428571,10.3
1.0,3.07,2,5,1,None,false,0.0,24.0,102.0,7.808965517241381,13.3
1.0,1.94,9,2,1,None,false,0.0,6.0,0.0,-2.06875,9.8
1.0,7.21,2,4,1,New Year's Day,true,0.0,1.0,0.0,5.197345132743359,22.8
1.0,2.78,14,4,1,None,false,0.0,1.0,0.0,4.384090909090913,12.8
1.0,0.87,18,4,1,None,false,0.0,1.0,0.0,4.384090909090913,6.8
1.0,1.22,14,5,1,None,false,0.0,24.0,102.0,7.808965517241381,6.8
1.0,3.0,22,4,1,None,false,15.647058823529413,6.0,0.0,3.3651785714285696,14.3
1.0,3.1,19,0,1,None,false,0.0,1.0,0.0,0.12389380530973428,15.3
1.0,7.5,11,4,1,None,false,0.0,1.0,0.0,-2.999107142857142,22.8
1.0,0.7,9,1,1,None,false,0.0,1.0,0.0,-5.393749999999998,7.8
1.0,1.12,17,4,1,None,false,0.0,1.0,0.0,4.384090909090913,8.3
1.0,0.7,22,5,1,None,false,0.0,1.0,0.0,2.567857142857142,6.3
1.0,7.83,12,0,1,"Martin Luther King, Jr. Day",true,3.0,24.0,13.0,-2.3351145038167944,28.38
1.0,0.88,13,0,1,None,false,0.0,24.0,282.0,2.462499999999998,5.8
5.0,8.38,20,2,1,None,false,0.0,6.0,0.0,-0.8963963963963966,25.3
1.0,1.81,1,4,1,New Year's Day,true,0.0,1.0,0.0,5.197345132743359,13.56
1.0,5.12,20,4,1,None,false,0.0,1.0,0.0,4.384090909090913,21.8
2.0,3.8,22,4,1,None,false,0.0,1.0,0.0,4.384090909090913,19.55
2.0,4.25,0,6,1,None,false,3.0,24.0,13.0,2.4039473684210493,22.3
1.0,4.35,12,0,1,None,false,0.0,24.0,282.0,2.462499999999998,15.3
1.0,3.61,20,0,1,None,false,54.411764705882355,6.0,0.0,-0.3089285714285713,18.3
3.0,0.6,21,5,1,None,false,0.0,1.0,0.0,2.567857142857142,6.3
1.0,1.71,10,5,1,None,false,0.0,6.0,3.0,6.710273972602741,7.8
1.0,3.4,8,2,1,None,false,0.0,6.0,0.0,-2.06875,23.75
1.0,0.89,17,3,1,None,false,0.0,1.0,0.0,-0.040000000000000036,7.3
1.0,0.98,17,4,1,None,false,15.647058823529413,6.0,0.0,3.3651785714285696,9.3
1.0,2.4,9,3,1,None,false,0.0,1.0,0.0,-0.040000000000000036,15.35
1.0,3.09,10,1,1,None,false,43.529411764705884,6.0,0.0,3.5794642857142853,12.8
1.0,5.01,1,6,1,None,false,0.0,24.0,254.0,10.943654822335034,22.8
1.0,0.88,17,4,1,None,false,15.647058823529413,6.0,0.0,3.3651785714285696,11.8
2.0,2.4,14,0,1,None,false,0.0,1.0,0.0,0.12389380530973428,10.8
1.0,7.5,16,4,1,None,false,0.0,6.0,0.0,4.571929824561403,30.8
1.0,1.04,15,0,1,None,false,54.411764705882355,6.0,0.0,-0.3089285714285713,8.3
1.0,1.55,10,5,1,None,false,0.0,6.0,3.0,6.710273972602741,8.8
1.0,2.7,0,6,1,None,false,0.0,24.0,254.0,10.943654822335034,15.3
2.0,0.94,19,4,1,None,false,0.0,1.0,0.0,4.384090909090913,7.8
1.0,0.44,11,6,1,None,false,3.0,24.0,13.0,2.4039473684210493,4.8
1.0,0.2,21,4,1,None,false,0.0,6.0,0.0,4.571929824561403,4.3
1.0,1.3,18,0,1,"Martin Luther King, Jr. Day",true,3.0,24.0,13.0,-2.3351145038167944,9.45
1.0,1.03,3,0,1,"Martin Luther King, Jr. Day",true,3.0,24.0,13.0,-2.3351145038167944,6.3
1.0,0.7,17,1,1,None,false,43.529411764705884,6.0,0.0,3.5794642857142853,7.3
1.0,0.46,13,6,1,None,false,0.0,1.0,0.0,3.846428571428569,6.8
1.0,0.77,20,5,1,None,false,0.0,1.0,0.0,2.567857142857142,5.8
1.0,1.84,20,2,1,None,false,0.0,6.0,0.0,-2.06875,10.3
1.0,2.4,16,4,1,None,false,0.0,1.0,0.0,-2.999107142857142,14.8
2.0,1.28,15,4,1,None,false,0.0,1.0,0.0,4.384090909090913,9.49
1.0,3.7,4,5,1,None,false,0.0,24.0,102.0,7.808965517241381,15.8
1.0,2.12,16,4,1,None,false,0.0,1.0,0.0,4.384090909090913,12.8
1.0,2.49,2,1,1,None,false,0.0,6.0,0.0,0.1594594594594597,14.69
1.0,6.3,10,4,1,New Year's Day,true,0.0,1.0,0.0,5.197345132743359,24.35
2.0,1.4,4,1,1,None,false,43.529411764705884,6.0,0.0,3.5794642857142853,13.8
null,0.09,22,4,1,None,false,0.0,1.0,0.0,-2.999107142857142,9.0
1.0,17.07,21,2,1,None,false,29.058823529411764,24.0,3.0,6.18571428571429,73.5
1.0,1.2,17,5,1,None,false,12.722222222222221,6.0,0.0,0.6133928571428571,8.3
1.0,0.79,2,5,1,None,false,32.8421052631579,24.0,241.0,-2.7437185929648207,7.25
null,1.32,15,4,1,None,false,15.647058823529413,6.0,0.0,3.3651785714285696,8.76
1.0,4.56,19,0,1,None,false,0.0,24.0,282.0,2.462499999999998,16.8
2.0,4.66,11,2,1,None,false,0.0,6.0,0.0,-0.8963963963963966,29.21
2.0,1.45,20,2,1,None,false,29.058823529411764,24.0,3.0,6.18571428571429,11.27
1.0,1.53,16,1,1,None,false,43.529411764705884,6.0,0.0,3.5794642857142853,9.3
1.0,0.65,18,6,1,None,false,3.0,24.0,13.0,2.4039473684210493,6.3
null,1.0,4,5,1,None,false,12.722222222222221,6.0,0.0,0.6133928571428571,6.8
1.0,0.87,23,3,1,None,false,0.0,1.0,0.0,-0.040000000000000036,7.56
2.0,4.8,22,4,1,None,false,15.647058823529413,6.0,0.0,3.3651785714285696,25.55
1.0,2.27,18,4,1,None,false,0.0,6.0,0.0,4.571929824561403,18.3
3.0,1.61,13,5,1,None,false,0.0,24.0,102.0,7.808965517241381,9.3
1.0,3.56,8,0,1,None,false,0.0,24.0,282.0,2.462499999999998,13.3
1.0,1.15,22,4,1,None,false,15.647058823529413,6.0,0.0,3.3651785714285696,6.8
1.0,0.9,9,0,1,"Martin Luther King, Jr. Day",true,3.0,24.0,13.0,-2.3351145038167944,6.3
1.0,17.9,9,1,1,None,false,0.0,1.0,0.0,-5.393749999999998,52.3
1.0,2.89,15,3,1,None,false,0.0,6.0,0.0,-1.9500000000000008,11.8
1.0,1.69,13,6,1,None,false,67.0909090909091,24.0,462.0,-2.702112676056339,10.8
1.0,0.45,9,3,1,None,false,0.0,6.0,0.0,-1.9500000000000008,4.3
1.0,0.88,3,4,1,None,false,0.0,6.0,0.0,4.571929824561403,9.36
1.0,2.13,23,5,1,None,false,0.0,1.0,0.0,2.567857142857142,13.3
1.0,7.9,13,6,1,None,false,67.0909090909091,24.0,462.0,-2.702112676056339,24.8
2.0,4.0,20,2,1,None,false,0.0,6.0,0.0,-2.06875,21.95
1.0,0.64,11,1,1,None,false,0.0,6.0,0.0,0.1594594594594597,5.8
1.0,2.4,21,3,1,None,false,0.0,6.0,0.0,3.180645161290322,15.35
1.0,7.99,16,5,1,None,false,0.0,6.0,3.0,6.710273972602741,35.3
1.0,0.6,2,2,1,None,false,0.0,1.0,0.0,-0.15357142857142847,5.8
1.0,3.86,6,1,1,None,false,0.0,6.0,0.0,0.1594594594594597,16.28
1.0,2.42,18,5,1,None,false,0.0,1.0,0.0,2.567857142857142,16.56
1.0,4.07,15,0,1,None,false,54.411764705882355,6.0,0.0,-0.3089285714285713,24.36
1.0,0.6,9,1,1,None,false,0.0,1.0,0.0,-5.393749999999998,7.8
1.0,5.08,21,5,1,None,false,0.0,1.0,0.0,2.567857142857142,23.76
5.0,3.8,10,5,1,None,false,12.722222222222221,6.0,0.0,0.6133928571428571,18.3
1.0,1.3,13,6,1,None,false,0.0,1.0,0.0,3.846428571428569,8.75
1.0,3.77,19,2,1,None,false,0.0,6.0,0.0,-0.8963963963963966,16.8
1.0,3.1,17,2,1,None,false,29.058823529411764,24.0,3.0,6.18571428571429,16.8
1.0,1.16,14,5,1,None,false,0.0,6.0,3.0,6.710273972602741,8.0
1.0,0.65,7,1,1,None,false,0.0,1.0,0.0,-5.393749999999998,6.36
1.0,5.56,0,6,1,None,false,0.0,24.0,254.0,10.943654822335034,25.74
1.0,0.87,22,1,1,None,false,0.0,6.0,0.0,-7.20625,7.3
1.0,4.5,22,5,1,None,false,0.0,6.0,3.0,6.710273972602741,19.58
null,1.57,0,2,1,None,false,0.0,6.0,0.0,-2.06875,8.8
1.0,0.76,21,3,1,None,false,0.0,1.0,0.0,-0.040000000000000036,6.3
1.0,13.0,23,5,1,None,false,0.0,24.0,102.0,7.808965517241381,43.3
6.0,11.62,13,5,1,None,false,0.0,6.0,3.0,6.710273972602741,44.84
1.0,2.36,12,3,1,None,false,0.0,1.0,0.0,-0.040000000000000036,12.8
2.0,0.83,16,3,1,None,false,0.0,1.0,0.0,-0.040000000000000036,9.12
1.0,1.9,16,5,1,None,false,12.722222222222221,6.0,0.0,0.6133928571428571,8.8
1.0,1.93,9,3,1,None,false,0.0,6.0,0.0,3.180645161290322,9.8
1.0,7.8,21,6,1,None,false,67.0909090909091,24.0,462.0,-2.702112676056339,29.15
null,3.5,12,6,1,None,false,67.0909090909091,24.0,462.0,-2.702112676056339,16.0
1.0,4.6,12,6,1,None,false,3.0,24.0,13.0,2.4039473684210493,22.3
1.0,0.6,4,3,1,None,false,0.0,6.0,0.0,-1.9500000000000008,5.8
null,9.07,12,0,1,None,false,54.411764705882355,6.0,0.0,-0.3089285714285713,27.8
1.0,1.4,18,4,1,New Year's Day,true,0.0,1.0,0.0,5.197345132743359,9.96
1.0,0.68,19,6,1,None,false,0.0,24.0,254.0,10.943654822335034,7.54
1.0,2.41,0,6,1,None,false,3.0,24.0,13.0,2.4039473684210493,14.16
3.0,3.47,15,5,1,None,false,0.0,24.0,102.0,7.808965517241381,15.36
1.0,5.48,11,4,1,New Year's Day,true,0.0,1.0,0.0,5.197345132743359,24.36
1.0,11.29,11,3,1,None,false,0.0,6.0,0.0,-1.9500000000000008,36.8
1.0,1.78,10,2,1,None,false,29.058823529411764,24.0,3.0,6.18571428571429,10.56
5.0,0.78,15,6,1,None,false,67.0909090909091,24.0,462.0,-2.702112676056339,6.96
1.0,1.85,13,5,1,None,false,0.0,24.0,102.0,7.808965517241381,13.56
1.0,2.2,12,0,1,"Martin Luther King, Jr. Day",true,3.0,24.0,13.0,-2.3351145038167944,12.95
5.0,1.67,18,5,1,None,false,0.0,24.0,102.0,7.808965517241381,12.88
1.0,4.9,11,4,1,None,false,0.0,6.0,0.0,4.571929824561403,29.75
1.0,8.52,12,4,1,None,false,15.647058823529413,6.0,0.0,3.3651785714285696,31.56
1.0,3.07,21,1,1,None,false,0.0,6.0,0.0,-7.20625,12.8
1.0,4.3,22,6,1,None,false,0.0,24.0,254.0,10.943654822335034,18.8
1.0,24.84,9,2,1,None,false,0.0,1.0,0.0,-0.15357142857142847,67.8
null,2.08,7,0,1,None,false,54.411764705882355,6.0,0.0,-0.3089285714285713,10.0
6.0,1.25,22,2,1,None,false,29.058823529411764,24.0,3.0,6.18571428571429,7.3
1.0,4.25,15,6,1,None,false,0.0,1.0,0.0,3.846428571428569,17.76
1.0,1.35,3,5,1,None,false,0.0,1.0,0.0,2.567857142857142,7.8
1.0,1.79,15,5,1,None,false,0.0,1.0,0.0,2.567857142857142,11.76
1.0,0.7,0,5,1,None,false,0.0,1.0,0.0,2.567857142857142,7.85
1.0,6.49,12,2,1,None,false,0.0,6.0,0.0,-0.8963963963963966,29.84
1.0,1.67,1,6,1,None,false,0.0,24.0,254.0,10.943654822335034,11.76
5.0,4.6,3,6,1,None,false,3.0,24.0,13.0,2.4039473684210493,18.3
1.0,2.49,21,2,1,None,false,0.0,1.0,0.0,-0.15357142857142847,9.0
1.0,2.32,23,2,1,None,false,29.058823529411764,24.0,3.0,6.18571428571429,10.3
5.0,3.12,9,4,1,None,false,15.647058823529413,6.0,0.0,3.3651785714285696,null
1.0,3.37,8,5,1,None,false,32.8421052631579,24.0,241.0,-2.7437185929648207,26.39
1.0,1.3,0,6,1,None,false,0.0,24.0,254.0,10.943654822335034,11.76
1.0,2.34,18,5,1,None,false,0.0,1.0,0.0,2.567857142857142,11.3
1.0,1.16,10,4,1,New Year's Day,true,0.0,1.0,0.0,5.197345132743359,6.3
1.0,7.86,0,5,1,None,false,0.0,24.0,102.0,7.808965517241381,23.9
1.0,0.93,17,2,1,None,false,0.0,6.0,0.0,-0.8963963963963966,11.62
1.0,1.14,15,6,1,None,false,3.0,24.0,13.0,2.4039473684210493,9.36
1.0,1.88,9,5,1,None,false,0.0,24.0,102.0,7.808965517241381,9.96
1.0,1.0,1,4,1,None,false,0.0,6.0,0.0,4.571929824561403,6.3
1.0,5.3,12,4,1,None,false,0.0,1.0,0.0,4.384090909090913,21.8
3.0,1.83,3,6,1,None,false,3.0,24.0,13.0,2.4039473684210493,9.8
1.0,4.82,10,1,1,None,false,0.0,6.0,0.0,0.1594594594594597,22.56
1.0,7.6,4,0,1,None,false,0.0,1.0,0.0,0.12389380530973428,29.15
1.0,12.2,9,5,1,None,false,12.722222222222221,6.0,0.0,0.6133928571428571,53.75
1.0,4.3,15,6,1,None,false,67.0909090909091,24.0,462.0,-2.702112676056339,16.8
1.0,2.91,19,0,1,None,false,0.0,1.0,0.0,0.12389380530973428,12.3
2.0,0.56,23,2,1,None,false,0.0,1.0,0.0,-0.15357142857142847,34.99
null,2.37,16,0,1,None,false,54.411764705882355,6.0,0.0,-0.3089285714285713,16.44
1.0,1.33,1,5,1,None,false,0.0,1.0,0.0,2.567857142857142,8.3
1.0,7.0,18,3,1,None,false,0.0,6.0,0.0,3.180645161290322,27.8
1.0,1.01,19,2,1,None,false,0.0,1.0,0.0,-0.15357142857142847,9.49
1.0,0.36,14,4,1,None,false,15.647058823529413,6.0,0.0,3.3651785714285696,4.3
2.0,2.6,8,1,1,None,false,0.0,6.0,0.0,0.1594594594594597,14.3
1.0,1.8,0,4,1,New Year's Day,true,0.0,1.0,0.0,5.197345132743359,8.8
1.0,1.2,18,2,1,None,false,0.0,6.0,0.0,-0.8963963963963966,10.3
3.0,0.38,2,4,1,None,false,0.0,1.0,0.0,-2.999107142857142,4.8
1.0,1.19,14,5,1,None,false,0.0,6.0,3.0,6.710273972602741,7.3
1.0,4.65,22,4,1,None,false,0.0,1.0,0.0,-2.999107142857142,23.76
null,0.63,7,3,1,None,false,0.0,1.0,0.0,-0.040000000000000036,6.3
1.0,1.73,14,2,1,None,false,0.0,6.0,0.0,-0.8963963963963966,8.8
1.0,1.45,8,1,1,None,false,0.0,1.0,0.0,-5.393749999999998,7.8
1.0,2.06,17,1,1,None,false,0.0,6.0,0.0,-7.20625,17.8
null,1.68,13,4,1,None,false,0.0,1.0,0.0,-2.999107142857142,12.36
1.0,5.5,14,5,1,None,false,0.0,1.0,0.0,2.567857142857142,17.3
2.0,0.65,0,5,1,None,false,12.722222222222221,6.0,0.0,0.6133928571428571,5.3
1.0,3.46,2,6,1,None,false,0.0,24.0,254.0,10.943654822335034,13.8
1.0,4.2,1,6,1,None,false,3.0,24.0,13.0,2.4039473684210493,22.3
1.0,1.0,22,2,1,None,false,0.0,6.0,0.0,-2.06875,7.8
5.0,3.99,9,3,1,None,false,0.0,6.0,0.0,-1.9500000000000008,18.3
1.0,2.9,16,0,1,"Martin Luther King, Jr. Day",true,3.0,24.0,13.0,-2.3351145038167944,17.15
1.0,1.9,18,4,1,None,false,0.0,6.0,0.0,4.571929824561403,13.5
1.0,7.8,7,3,1,None,false,0.0,6.0,0.0,3.180645161290322,33.95
1.0,8.49,10,6,1,None,false,0.0,24.0,254.0,10.943654822335034,31.56
1.0,0.75,14,0,1,None,false,0.0,24.0,282.0,2.462499999999998,5.3
1.0,0.2,10,6,1,None,false,0.0,24.0,254.0,10.943654822335034,3.8
1.0,3.76,10,6,1,None,false,67.0909090909091,24.0,462.0,-2.702112676056339,20.76
null,1.21,10,3,1,None,false,0.0,6.0,0.0,-1.9500000000000008,9.36
5.0,1.03,2,6,1,None,false,0.0,1.0,0.0,3.846428571428569,6.3
1.0,5.1,3,5,1,None,false,12.722222222222221,6.0,0.0,0.6133928571428571,18.8
null,1.1,21,1,1,None,false,0.0,1.0,0.0,-5.393749999999998,7.3
1.0,7.98,20,6,1,None,false,67.0909090909091,24.0,462.0,-2.702112676056339,24.3
1.0,0.91,0,2,1,None,false,29.058823529411764,24.0,3.0,6.18571428571429,7.3
1.0,1.91,15,4,1,None,false,15.647058823529413,6.0,0.0,3.3651785714285696,12.74
1.0,5.03,4,5,1,None,false,32.8421052631579,24.0,241.0,-2.7437185929648207,19.8
null,2.4,18,3,1,None,false,0.0,1.0,0.0,-0.040000000000000036,null
1.0,4.5,14,5,1,None,false,0.0,6.0,3.0,6.710273972602741,16.8
1.0,2.89,12,1,1,None,false,0.0,1.0,0.0,-5.393749999999998,11.3
1.0,0.57,17,0,1,None,false,0.0,1.0,0.0,0.12389380530973428,6.8
1.0,1.28,12,3,1,None,false,20.47058823529412,1.0,0.0,2.003571428571429,10.0
1.0,1.22,19,4,1,None,false,15.647058823529413,6.0,0.0,3.3651785714285696,8.8
1.0,2.33,19,6,1,None,false,0.0,24.0,254.0,10.943654822335034,13.3
1.0,9.73,18,4,1,New Year's Day,true,0.0,1.0,0.0,5.197345132743359,35.16
1.0,1.62,17,5,1,None,false,0.0,24.0,102.0,7.808965517241381,9.96
2.0,0.05,8,0,1,None,false,0.0,24.0,282.0,2.462499999999998,3.8
1.0,0.38,19,3,1,None,false,0.0,1.0,0.0,-0.040000000000000036,5.3
1.0,3.5,1,5,1,None,false,32.8421052631579,24.0,241.0,-2.7437185929648207,17.76
2.0,1.2,11,2,1,None,false,0.0,6.0,0.0,-0.8963963963963966,7.8
1.0,5.04,20,2,1,None,false,0.0,1.0,0.0,-0.15357142857142847,25.8
1.0,4.7,12,5,1,None,false,0.0,1.0,0.0,2.567857142857142,19.8
1.0,1.05,12,2,1,None,false,29.058823529411764,24.0,3.0,6.18571428571429,10.3
1.0,1.6,1,3,1,None,false,20.47058823529412,1.0,0.0,2.003571428571429,9.3
1.0,1.5,10,0,1,"Martin Luther King, Jr. Day",true,3.0,24.0,13.0,-2.3351145038167944,7.8
2.0,1.28,23,6,1,None,false,67.0909090909091,24.0,462.0,-2.702112676056339,9.3
1.0,2.28,22,0,1,None,false,0.0,1.0,0.0,0.12389380530973428,14.69
1.0,3.3,22,3,1,None,false,20.47058823529412,1.0,0.0,2.003571428571429,16.0
null,2.19,9,2,1,None,false,0.0,1.0,0.0,-0.15357142857142847,10.8
1.0,7.87,9,2,1,None,false,0.0,6.0,0.0,-0.8963963963963966,24.8
1.0,3.12,12,0,1,None,false,0.0,1.0,0.0,0.12389380530973428,13.8
null,1.45,10,0,1,None,false,0.0,24.0,282.0,2.462499999999998,7.8
5.0,1.36,18,1,1,None,false,0.0,6.0,0.0,-7.20625,9.8
1.0,0.04,22,1,1,None,false,0.0,1.0,0.0,-5.393749999999998,8.0
1.0,2.97,21,2,1,None,false,29.058823529411764,24.0,3.0,6.18571428571429,11.3
1.0,0.41,20,2,1,None,false,0.0,1.0,0.0,-0.15357142857142847,5.3
1.0,0.2,21,0,1,None,false,54.411764705882355,6.0,0.0,-0.3089285714285713,4.3
1.0,0.73,10,6,1,None,false,0.0,24.0,254.0,10.943654822335034,5.3
1.0,4.0,21,1,1,None,false,0.0,1.0,0.0,-5.393749999999998,16.8
1.0,8.64,0,3,1,None,false,0.0,6.0,0.0,3.180645161290322,33.8
1.0,1.16,14,2,1,None,false,29.058823529411764,24.0,3.0,6.18571428571429,8.0
1.0,2.26,13,0,1,"Martin Luther King, Jr. Day",true,3.0,24.0,13.0,-2.3351145038167944,10.3
1.0,0.9,13,4,1,None,false,0.0,6.0,0.0,4.571929824561403,8.15
1.0,5.5,9,4,1,None,false,15.647058823529413,6.0,0.0,3.3651785714285696,38.84
1.0,1.1,19,2,1,None,false,0.0,6.0,0.0,-2.06875,9.95
1.0,1.1,17,2,1,None,false,0.0,1.0,0.0,-0.15357142857142847,9.8
1.0,7.96,7,2,1,None,false,0.0,6.0,0.0,-2.06875,36.36
1.0,13.02,2,5,1,None,false,32.8421052631579,24.0,241.0,-2.7437185929648207,43.8
1.0,4.33,10,2,1,None,false,0.0,6.0,0.0,-2.06875,20.3
1.0,0.88,17,5,1,None,false,0.0,6.0,3.0,6.710273972602741,8.16
1.0,5.6,20,2,1,None,false,0.0,1.0,0.0,-0.15357142857142847,21.8
1.0,6.95,11,3,1,None,false,0.0,6.0,0.0,-1.9500000000000008,35.76
1.0,1.7,1,1,1,None,false,0.0,6.0,0.0,-7.20625,8.8
1.0,0.6,19,3,1,None,false,20.47058823529412,1.0,0.0,2.003571428571429,6.8
4.0,1.21,19,0,1,"Martin Luther King, Jr. Day",true,3.0,24.0,13.0,-2.3351145038167944,8.5
2.0,13.12,2,1,1,None,false,43.529411764705884,6.0,0.0,3.5794642857142853,null
1.0,1.11,17,0,1,None,false,0.0,1.0,0.0,0.12389380530973428,11.16
1.0,0.87,11,1,1,None,false,0.0,6.0,0.0,-7.20625,5.8
5.0,0.93,22,3,1,None,false,0.0,6.0,0.0,3.180645161290322,7.8
2.0,1.29,17,4,1,None,false,0.0,1.0,0.0,-2.999107142857142,13.0
2.0,2.0,14,6,1,None,false,3.0,24.0,13.0,2.4039473684210493,11.8
1.0,2.53,17,0,1,"Martin Luther King, Jr. Day",true,3.0,24.0,13.0,-2.3351145038167944,12.3
1.0,0.93,23,3,1,None,false,0.0,6.0,0.0,3.180645161290322,7.8
1.0,0.46,11,4,1,None,false,0.0,6.0,0.0,4.571929824561403,4.3
1.0,2.52,16,1,1,None,false,0.0,6.0,0.0,-7.20625,12.8
1.0,2.09,11,1,1,None,false,0.0,1.0,0.0,-5.393749999999998,11.3
1.0,1.09,13,4,1,None,false,0.0,1.0,0.0,-2.999107142857142,6.8
1.0,0.61,22,4,1,New Year's Day,true,0.0,1.0,0.0,5.197345132743359,5.3
1.0,1.22,16,1,1,None,false,0.0,6.0,0.0,0.1594594594594597,14.76
1.0,1.32,2,0,1,"Martin Luther King, Jr. Day",true,3.0,24.0,13.0,-2.3351145038167944,7.8
1.0,0.85,23,3,1,None,false,0.0,1.0,0.0,-0.040000000000000036,6.3
3.0,2.01,17,0,1,None,false,54.411764705882355,6.0,0.0,-0.3089285714285713,23.16
1.0,0.1,15,3,1,None,false,0.0,1.0,0.0,-0.040000000000000036,4.8
1.0,1.45,13,6,1,None,false,3.0,24.0,13.0,2.4039473684210493,11.44
null,7.85,11,6,1,None,false,3.0,24.0,13.0,2.4039473684210493,23.8
1.0,1.52,9,1,1,None,false,0.0,6.0,0.0,-7.20625,8.76
1.0,2.24,22,0,1,None,false,54.411764705882355,6.0,0.0,-0.3089285714285713,11.31
2.0,1.85,18,6,1,None,false,67.0909090909091,24.0,462.0,-2.702112676056339,8.8
1.0,3.42,17,3,1,None,false,20.47058823529412,1.0,0.0,2.003571428571429,21.84
1.0,14.37,0,0,1,"Martin Luther King, Jr. Day",true,3.0,24.0,13.0,-2.3351145038167944,41.3
1.0,3.01,13,0,1,None,false,54.411764705882355,6.0,0.0,-0.3089285714285713,12.3
1.0,0.64,21,3,1,None,false,0.0,6.0,0.0,-1.9500000000000008,6.8
1.0,4.84,18,3,1,None,false,0.0,6.0,0.0,-1.9500000000000008,15.0
1.0,3.64,18,4,1,None,false,0.0,1.0,0.0,4.384090909090913,17.8
1.0,2.66,8,1,1,None,false,0.0,1.0,0.0,-5.393749999999998,14.3
1.0,1.59,20,2,1,None,false,29.058823529411764,24.0,3.0,6.18571428571429,11.76
1.0,1.69,1,4,1,None,false,0.0,1.0,0.0,-2.999107142857142,9.3
1.0,2.9,11,1,1,None,false,0.0,6.0,0.0,0.1594594594594597,14.8
1.0,1.72,16,3,1,None,false,0.0,6.0,0.0,3.180645161290322,14.76
1.0,1.14,10,4,1,None,false,15.647058823529413,6.0,0.0,3.3651785714285696,6.8
1.0,3.35,15,2,1,None,false,0.0,6.0,0.0,-2.06875,19.3
1.0,2.1,22,5,1,None,false,0.0,24.0,102.0,7.808965517241381,11.3
1.0,1.01,23,5,1,None,false,0.0,1.0,0.0,2.567857142857142,7.56
1.0,1.27,22,1,1,None,false,0.0,1.0,0.0,-5.393749999999998,8.3
2.0,7.98,8,2,1,None,false,29.058823529411764,24.0,3.0,6.18571428571429,36.08
1.0,2.77,9,1,1,None,false,0.0,1.0,0.0,-5.393749999999998,23.5
1.0,3.3,19,4,1,None,false,0.0,1.0,0.0,-2.999107142857142,21.35
1.0,5.59,21,6,1,None,false,0.0,24.0,254.0,10.943654822335034,19.3
1.0,0.79,16,1,1,None,false,43.529411764705884,6.0,0.0,3.5794642857142853,11.16
1.0,0.75,6,4,1,New Year's Day,true,0.0,1.0,0.0,5.197345132743359,5.8
1.0,2.04,19,1,1,None,false,43.529411764705884,6.0,0.0,3.5794642857142853,12.96
1.0,2.9,15,6,1,None,false,67.0909090909091,24.0,462.0,-2.702112676056339,14.3
5.0,9.47,22,3,1,None,false,0.0,6.0,0.0,3.180645161290322,37.56
1.0,4.03,23,5,1,None,false,12.722222222222221,6.0,0.0,0.6133928571428571,20.76
2.0,5.02,17,0,1,None,false,0.0,1.0,0.0,0.12389380530973428,36.36
1.0,0.49,15,3,1,None,false,20.47058823529412,1.0,0.0,2.003571428571429,5.3
1.0,6.53,8,3,1,None,false,20.47058823529412,1.0,0.0,2.003571428571429,30.96
1.0,3.11,21,2,1,None,false,0.0,6.0,0.0,-0.8963963963963966,19.12
5.0,2.2,12,6,1,None,false,0.0,1.0,0.0,3.846428571428569,12.96
1.0,1.48,10,6,1,None,false,0.0,24.0,254.0,10.943654822335034,8.8
1.0,4.07,10,2,1,None,false,0.0,1.0,0.0,-0.15357142857142847,20.8
1.0,1.04,17,1,1,None,false,0.0,1.0,0.0,-5.393749999999998,8.3
null,7.29,10,4,1,None,false,0.0,1.0,0.0,4.384090909090913,30.3
2.0,4.27,20,4,1,None,false,0.0,6.0,0.0,4.571929824561403,18.96
1.0,1.06,14,6,1,None,false,3.0,24.0,13.0,2.4039473684210493,6.8
null,3.2,19,2,1,None,false,29.058823529411764,24.0,3.0,6.18571428571429,21.3
1.0,0.44,20,4,1,None,false,0.0,1.0,0.0,4.384090909090913,4.8
1.0,0.6,21,3,1,None,false,0.0,1.0,0.0,-0.040000000000000036,6.95
1.0,1.63,15,1,1,None,false,43.529411764705884,6.0,0.0,3.5794642857142853,9.3
1.0,0.16,9,5,1,None,false,0.0,1.0,0.0,2.567857142857142,3.3
3.0,0.8,2,5,1,None,false,32.8421052631579,24.0,241.0,-2.7437185929648207,6.8
null,2.68,2,2,1,None,false,0.0,1.0,0.0,-0.15357142857142847,12.8
1.0,0.42,7,2,1,None,false,0.0,1.0,0.0,-0.15357142857142847,4.8
1.0,0.6,18,3,1,None,false,0.0,6.0,0.0,3.180645161290322,9.3
1.0,0.8,13,2,1,None,false,0.0,6.0,0.0,-0.8963963963963966,8.15
null,1.67,22,4,1,None,false,0.0,1.0,0.0,4.384090909090913,8.8
1.0,1.33,18,6,1,None,false,3.0,24.0,13.0,2.4039473684210493,11.16
1.0,1.68,8,3,1,None,false,0.0,6.0,0.0,-1.9500000000000008,9.8
1.0,0.33,18,3,1,None,false,20.47058823529412,1.0,0.0,2.003571428571429,5.8
6.0,4.74,23,0,1,None,false,0.0,1.0,0.0,0.12389380530973428,18.3
1.0,6.96,15,2,1,None,false,29.058823529411764,24.0,3.0,6.18571428571429,23.3
1.0,14.61,13,5,1,None,false,0.0,24.0,102.0,7.808965517241381,50.84
1.0,1.4,2,6,1,None,false,0.0,24.0,254.0,10.943654822335034,10.3
5.0,1.47,1,5,1,None,false,12.722222222222221,6.0,0.0,0.6133928571428571,9.3
1.0,1.78,13,5,1,None,false,0.0,24.0,102.0,7.808965517241381,9.8
3.0,4.92,22,2,1,None,false,0.0,6.0,0.0,-2.06875,18.48
2.0,5.6,5,5,1,None,false,12.722222222222221,6.0,0.0,0.6133928571428571,22.3
1.0,0.4,17,1,1,None,false,43.529411764705884,6.0,0.0,3.5794642857142853,7.8
1.0,4.09,4,4,1,New Year's Day,true,0.0,1.0,0.0,5.197345132743359,16.8
1.0,0.84,17,6,1,None,false,3.0,24.0,13.0,2.4039473684210493,6.3
6.0,1.58,17,1,1,None,false,43.529411764705884,6.0,0.0,3.5794642857142853,10.3
1.0,5.59,15,5,1,None,false,0.0,1.0,0.0,2.567857142857142,23.5
1.0,2.2,21,5,1,None,false,12.722222222222221,6.0,0.0,0.6133928571428571,11.3
1.0,1.2,17,3,1,None,false,0.0,6.0,0.0,-1.9500000000000008,11.0
1.0,1.23,22,3,1,None,false,20.47058823529412,1.0,0.0,2.003571428571429,8.76
1.0,0.82,14,0,1,None,false,54.411764705882355,6.0,0.0,-0.3089285714285713,6.3
1.0,1.84,15,1,1,None,false,43.529411764705884,6.0,0.0,3.5794642857142853,15.96
2.0,1.08,16,5,1,None,false,0.0,6.0,3.0,6.710273972602741,8.16
1.0,2.22,3,6,1,None,false,3.0,24.0,13.0,2.4039473684210493,12.96
1.0,2.84,16,5,1,None,false,0.0,24.0,102.0,7.808965517241381,13.8
1.0,1.4,13,4,1,None,false,0.0,1.0,0.0,4.384090909090913,7.3
1.0,0.7,13,4,1,None,false,15.647058823529413,6.0,0.0,3.3651785714285696,5.8
1.0,3.6,14,4,1,None,false,15.647058823529413,6.0,0.0,3.3651785714285696,20.8
1.0,5.85,21,0,1,None,false,0.0,1.0,0.0,0.12389380530973428,20.8
1.0,1.93,19,4,1,None,false,0.0,1.0,0.0,-2.999107142857142,10.3
6.0,5.08,1,5,1,None,false,0.0,6.0,3.0,6.710273972602741,21.36
1.0,1.06,7,1,1,None,false,0.0,6.0,0.0,0.1594594594594597,8.76
1.0,8.1,7,1,1,None,false,43.529411764705884,6.0,0.0,3.5794642857142853,36.8
1.0,2.4,15,5,1,None,false,0.0,6.0,3.0,6.710273972602741,12.35
1.0,2.49,21,2,1,None,false,29.058823529411764,24.0,3.0,6.18571428571429,11.8
1.0,4.7,15,0,1,None,false,0.0,1.0,0.0,0.12389380530973428,25.0
1.0,1.08,1,5,1,None,false,0.0,6.0,3.0,6.710273972602741,7.3
1.0,3.93,18,0,1,None,false,0.0,1.0,0.0,0.12389380530973428,22.18
1.0,1.91,16,6,1,None,false,0.0,1.0,0.0,3.846428571428569,9.8
1.0,0.68,9,2,1,None,false,0.0,1.0,0.0,-0.15357142857142847,5.3
1.0,9.34,11,3,1,None,false,0.0,6.0,0.0,-1.9500000000000008,28.8
null,5.09,12,2,1,None,false,29.058823529411764,24.0,3.0,6.18571428571429,19.3
1.0,2.15,20,3,1,None,false,0.0,1.0,0.0,-0.040000000000000036,12.3
1.0,0.82,15,0,1,None,false,54.411764705882355,6.0,0.0,-0.3089285714285713,11.3
1.0,4.24,21,6,1,None,false,3.0,24.0,13.0,2.4039473684210493,19.3
2.0,2.12,23,2,1,None,false,0.0,1.0,0.0,-0.15357142857142847,14.16
1.0,10.3,8,2,1,None,false,29.058823529411764,24.0,3.0,6.18571428571429,32.8
1.0,0.53,14,2,1,None,false,0.0,6.0,0.0,-2.06875,5.3
1.0,12.41,10,5,1,None,false,12.722222222222221,6.0,0.0,0.6133928571428571,38.3
1.0,1.2,9,4,1,None,false,15.647058823529413,6.0,0.0,3.3651785714285696,8.84
1.0,3.38,8,4,1,None,false,0.0,1.0,0.0,-2.999107142857142,16.8
1.0,3.95,13,5,1,None,false,0.0,24.0,102.0,7.808965517241381,27.04
1.0,5.92,20,0,1,None,false,0.0,24.0,282.0,2.462499999999998,18.8
1.0,0.69,23,5,1,None,false,12.722222222222221,6.0,0.0,0.6133928571428571,6.8
1.0,2.97,1,6,1,None,false,3.0,24.0,13.0,2.4039473684210493,14.12
1.0,0.87,18,4,1,None,false,0.0,1.0,0.0,4.384090909090913,8.3
1.0,5.69,12,2,1,None,false,0.0,1.0,0.0,-0.15357142857142847,24.96
5.0,6.88,1,4,1,New Year's Day,true,0.0,1.0,0.0,5.197345132743359,37.3
1.0,3.9,16,4,1,None,false,15.647058823529413,6.0,0.0,3.3651785714285696,19.3
1.0,0.83,10,0,1,None,false,54.411764705882355,6.0,0.0,-0.3089285714285713,7.82
1.0,1.11,14,2,1,None,false,0.0,6.0,0.0,-2.06875,11.16
1.0,2.26,18,0,1,"Martin Luther King, Jr. Day",true,3.0,24.0,13.0,-2.3351145038167944,11.8
1.0,3.72,8,0,1,"Martin Luther King, Jr. Day",true,3.0,24.0,13.0,-2.3351145038167944,16.3
1.0,0.79,20,6,1,None,false,0.0,1.0,0.0,3.846428571428569,8.3
1.0,5.66,8,0,1,None,false,0.0,1.0,0.0,0.12389380530973428,21.3
1.0,12.43,19,0,1,None,false,0.0,1.0,0.0,0.12389380530973428,52.88
null,0.85,18,0,1,"Martin Luther King, Jr. Day",true,3.0,24.0,13.0,-2.3351145038167944,6.62
1.0,2.08,19,1,1,None,false,0.0,6.0,0.0,0.1594594594594597,13.3
1.0,1.31,14,1,1,None,false,0.0,6.0,0.0,-7.20625,9.8
1.0,0.6,19,3,1,None,false,20.47058823529412,1.0,0.0,2.003571428571429,6.8
1.0,4.5,22,3,1,None,false,0.0,6.0,0.0,-1.9500000000000008,23.3
1.0,5.86,1,3,1,None,false,0.0,1.0,0.0,-0.040000000000000036,23.16
1.0,2.22,13,1,1,None,false,0.0,1.0,0.0,-5.393749999999998,12.8
3.0,1.3,23,1,1,None,false,0.0,6.0,0.0,0.1594594594594597,9.95
1.0,2.44,6,4,1,New Year's Day,true,0.0,1.0,0.0,5.197345132743359,10.8
1.0,0.91,17,0,1,None,false,0.0,24.0,282.0,2.462499999999998,7.8
1.0,1.17,0,4,1,None,false,15.647058823529413,6.0,0.0,3.3651785714285696,9.3
1.0,1.71,14,1,1,None,false,43.529411764705884,6.0,0.0,3.5794642857142853,11.3
1.0,2.25,18,3,1,None,false,0.0,6.0,0.0,3.180645161290322,11.8
1.0,3.71,7,3,1,None,false,0.0,1.0,0.0,-0.040000000000000036,23.76
1.0,1.16,20,5,1,None,false,0.0,24.0,102.0,7.808965517241381,9.3
1.0,0.66,23,1,1,None,false,0.0,6.0,0.0,0.1594594594594597,7.3
1.0,14.72,9,4,1,None,false,15.647058823529413,6.0,0.0,3.3651785714285696,54.96
1.0,2.42,12,1,1,None,false,0.0,6.0,0.0,-7.20625,10.8
5.0,0.91,3,5,1,None,false,12.722222222222221,6.0,0.0,0.6133928571428571,7.3
1.0,0.6,14,3,1,None,false,20.47058823529412,1.0,0.0,2.003571428571429,6.73
1.0,0.9,15,3,1,None,false,0.0,6.0,0.0,3.180645161290322,9.1
1.0,1.57,23,4,1,None,false,0.0,1.0,0.0,4.384090909090913,11.76
1.0,4.4,19,0,1,None,false,0.0,24.0,282.0,2.462499999999998,21.0
1.0,3.59,8,1,1,None,false,0.0,1.0,0.0,-5.393749999999998,20.16
null,0.89,20,3,1,None,false,20.47058823529412,1.0,0.0,2.003571428571429,7.8
1.0,3.71,15,1,1,None,false,43.529411764705884,6.0,0.0,3.5794642857142853,21.36
1.0,5.6,22,1,1,None,false,0.0,6.0,0.0,0.1594594594594597,22.5
2.0,1.57,1,4,1,New Year's Day,true,0.0,1.0,0.0,5.197345132743359,9.3
2.0,0.05,19,5,1,None,false,0.0,24.0,102.0,7.808965517241381,40.0
1.0,3.9,22,5,1,None,false,12.722222222222221,6.0,0.0,0.6133928571428571,24.8
1.0,0.82,14,2,1,None,false,29.058823529411764,24.0,3.0,6.18571428571429,5.8
1.0,3.2,20,3,1,None,false,0.0,6.0,0.0,-1.9500000000000008,15.8
1.0,1.96,10,4,1,None,false,15.647058823529413,6.0,0.0,3.3651785714285696,9.8
2.0,0.6,18,5,1,None,false,0.0,1.0,0.0,2.567857142857142,5.8
1.0,2.45,2,6,1,None,false,0.0,24.0,254.0,10.943654822335034,11.8
3.0,0.4,22,4,1,None,false,0.0,6.0,0.0,4.571929824561403,5.3
1.0,0.66,15,2,1,None,false,29.058823529411764,24.0,3.0,6.18571428571429,null
1.0,0.51,20,6,1,None,false,3.0,24.0,13.0,2.4039473684210493,5.3
null,0.27,17,3,1,None,false,0.0,6.0,0.0,3.180645161290322,6.36
1.0,9.2,0,2,1,None,false,0.0,6.0,0.0,-0.8963963963963966,27.8
1.0,3.72,22,1,1,None,false,0.0,1.0,0.0,-5.393749999999998,18.96
1.0,0.79,9,4,1,None,false,15.647058823529413,6.0,0.0,3.3651785714285696,5.8
1.0,1.22,18,3,1,None,false,0.0,6.0,0.0,-1.9500000000000008,10.56
1.0,10.7,13,5,1,None,false,12.722222222222221,6.0,0.0,0.6133928571428571,34.3
1.0,3.48,16,0,1,"Martin Luther King, Jr. Day",true,3.0,24.0,13.0,-2.3351145038167944,14.8
1.0,1.93,11,4,1,New Year's Day,true,0.0,1.0,0.0,5.197345132743359,9.3
2.0,1.2,16,1,1,None,false,0.0,1.0,0.0,-5.393749999999998,11.8
1.0,6.46,18,3,1,None,false,0.0,6.0,0.0,3.180645161290322,23.8
1.0,1.19,12,4,1,None,false,15.647058823529413,6.0,0.0,3.3651785714285696,6.8
1.0,5.26,16,5,1,None,false,0.0,1.0,0.0,2.567857142857142,20.76
1.0,1.01,20,5,1,None,false,12.722222222222221,6.0,0.0,0.6133928571428571,6.8
1.0,2.4,1,5,1,None,false,0.0,1.0,0.0,2.567857142857142,12.88
1.0,8.96,23,2,1,None,false,0.0,6.0,0.0,-0.8963963963963966,32.76
1.0,2.43,17,2,1,None,false,0.0,6.0,0.0,-2.06875,13.8
5.0,0.6,23,5,1,None,false,0.0,1.0,0.0,2.567857142857142,6.3
1.0,1.74,20,5,1,None,false,12.722222222222221,6.0,0.0,0.6133928571428571,11.3
null,1.6,19,5,1,None,false,0.0,24.0,102.0,7.808965517241381,8.3
1.0,5.66,22,2,1,None,false,0.0,6.0,0.0,-0.8963963963963966,13.0
1.0,1.33,15,1,1,None,false,0.0,6.0,0.0,-7.20625,8.3
1.0,0.73,18,5,1,None,false,12.722222222222221,6.0,0.0,0.6133928571428571,6.3
5.0,1.11,16,2,1,None,false,0.0,1.0,0.0,-0.15357142857142847,7.8
1.0,0.95,11,2,1,None,false,0.0,6.0,0.0,-0.8963963963963966,9.36
5.0,2.54,22,4,1,New Year's Day,true,0.0,1.0,0.0,5.197345132743359,14.76
1.0,0.88,15,5,1,None,false,0.0,6.0,3.0,6.710273972602741,8.3
null,0.74,19,0,1,None,false,0.0,24.0,282.0,2.462499999999998,6.8
1.0,2.99,17,4,1,None,false,0.0,1.0,0.0,-2.999107142857142,18.36
1.0,0.9,16,2,1,None,false,0.0,6.0,0.0,-0.8963963963963966,null
null,17.0,22,5,1,None,false,0.0,1.0,0.0,2.567857142857142,60.95
2.0,6.9,2,6,1,None,false,0.0,24.0,254.0,10.943654822335034,29.1
1.0,5.9,15,5,1,None,false,0.0,6.0,3.0,6.710273972602741,26.15
1.0,1.94,12,6,1,None,false,0.0,1.0,0.0,3.846428571428569,32.89
3.0,4.5,23,4,1,None,false,15.647058823529413,6.0,0.0,3.3651785714285696,21.8
1.0,2.0,17,0,1,None,false,0.0,24.0,282.0,2.462499999999998,11.3
1.0,1.3,19,5,1,None,false,0.0,24.0,102.0,7.808965517241381,10.3
1.0,0.84,22,3,1,None,false,0.0,1.0,0.0,-0.040000000000000036,6.8
1.0,1.77,9,5,1,None,false,0.0,24.0,102.0,7.808965517241381,8.3
1.0,1.6,17,4,1,New Year's Day,true,0.0,1.0,0.0,5.197345132743359,9.35
1.0,4.05,12,4,1,New Year's Day,true,0.0,1.0,0.0,5.197345132743359,17.8
2.0,4.2,21,6,1,None,false,67.0909090909091,24.0,462.0,-2.702112676056339,22.55
1.0,5.09,20,5,1,None,false,0.0,24.0,102.0,7.808965517241381,23.76
null,3.99,14,6,1,None,false,3.0,24.0,13.0,2.4039473684210493,17.76
null,1.51,15,5,1,None,false,0.0,24.0,102.0,7.808965517241381,10.56
3.0,4.81,15,5,1,None,false,0.0,1.0,0.0,2.567857142857142,23.16
1.0,5.65,19,3,1,None,false,0.0,1.0,0.0,-0.040000000000000036,29.75
1.0,0.8,9,1,1,None,false,0.0,6.0,0.0,0.1594594594594597,5.3
null,4.65,16,0,1,None,false,54.411764705882355,6.0,0.0,-0.3089285714285713,21.96
2.0,1.05,19,4,1,None,false,0.0,1.0,0.0,4.384090909090913,11.44
1.0,3.02,21,5,1,None,false,0.0,24.0,102.0,7.808965517241381,19.75
1.0,1.11,19,0,1,None,false,0.0,1.0,0.0,0.12389380530973428,7.8
1.0,2.28,19,4,1,None,false,0.0,6.0,0.0,4.571929824561403,14.76
1.0,1.36,3,6,1,None,false,0.0,1.0,0.0,3.846428571428569,8.3
1.0,1.5,19,4,1,None,false,0.0,6.0,0.0,4.571929824561403,8.8
1.0,1.81,1,0,1,None,false,54.411764705882355,6.0,0.0,-0.3089285714285713,9.8
1.0,5.4,20,3,1,None,false,0.0,6.0,0.0,-1.9500000000000008,22.55
1.0,0.35,20,4,1,None,false,0.0,1.0,0.0,4.384090909090913,6.36
1.0,3.7,23,5,1,None,false,0.0,1.0,0.0,2.567857142857142,16.3
1.0,0.72,14,5,1,None,false,0.0,24.0,102.0,7.808965517241381,7.56
1.0,8.07,2,6,1,None,false,0.0,1.0,0.0,3.846428571428569,24.8
1.0,2.93,12,4,1,None,false,0.0,1.0,0.0,-2.999107142857142,15.8
1.0,4.97,10,1,1,None,false,0.0,6.0,0.0,-7.20625,27.96
1.0,1.3,9,0,1,"Martin Luther King, Jr. Day",true,3.0,24.0,13.0,-2.3351145038167944,9.35
1.0,1.2,20,1,1,None,false,0.0,6.0,0.0,0.1594594594594597,7.8
5.0,4.23,12,0,1,"Martin Luther King, Jr. Day",true,3.0,24.0,13.0,-2.3351145038167944,17.8
1.0,0.6,18,2,1,None,false,0.0,1.0,0.0,-0.15357142857142847,7.8
1.0,3.89,11,4,1,None,false,0.0,6.0,0.0,4.571929824561403,20.76
1.0,1.04,7,4,1,New Year's Day,true,0.0,1.0,0.0,5.197345132743359,7.8
1.0,0.85,11,2,1,None,false,29.058823529411764,24.0,3.0,6.18571428571429,6.3
null,6.8,20,2,1,None,false,0.0,1.0,0.0,-0.15357142857142847,26.3
1.0,2.73,19,1,1,None,false,0.0,6.0,0.0,0.1594594594594597,17.16
2.0,10.3,7,0,1,None,false,54.411764705882355,6.0,0.0,-0.3089285714285713,40.84
1.0,0.72,8,2,1,None,false,0.0,6.0,0.0,-2.06875,6.8
1.0,0.8,20,4,1,None,false,15.647058823529413,6.0,0.0,3.3651785714285696,6.8
1.0,2.68,8,1,1,None,false,43.529411764705884,6.0,0.0,3.5794642857142853,17.76
1.0,0.23,15,3,1,None,false,20.47058823529412,1.0,0.0,2.003571428571429,6.36
1.0,1.41,18,3,1,None,false,0.0,6.0,0.0,3.180645161290322,8.8
4.0,4.3,5,6,1,None,false,0.0,1.0,0.0,3.846428571428569,20.15
1.0,0.8,2,5,1,None,false,0.0,1.0,0.0,2.567857142857142,10.3
1.0,1.52,11,2,1,None,false,0.0,1.0,0.0,-0.15357142857142847,12.36
1.0,0.48,15,2,1,None,false,29.058823529411764,24.0,3.0,6.18571428571429,5.3
1.0,4.2,0,2,1,None,false,0.0,6.0,0.0,-0.8963963963963966,14.8
1.0,1.95,10,2,1,None,false,29.058823529411764,24.0,3.0,6.18571428571429,12.8
5.0,1.84,1,6,1,None,false,0.0,24.0,254.0,10.943654822335034,9.8
1.0,1.3,18,1,1,None,false,43.529411764705884,6.0,0.0,3.5794642857142853,9.8
1.0,2.33,20,2,1,None,false,0.0,1.0,0.0,-0.15357142857142847,13.3
1.0,5.7,9,1,1,None,false,43.529411764705884,6.0,0.0,3.5794642857142853,45.38
5.0,0.77,17,3,1,None,false,0.0,1.0,0.0,-0.040000000000000036,6.8
5.0,2.84,18,2,1,None,false,0.0,6.0,0.0,-2.06875,13.8
1.0,2.49,20,4,1,None,false,0.0,6.0,0.0,4.571929824561403,18.59
1.0,2.6,2,2,1,None,false,0.0,6.0,0.0,-2.06875,12.8
2.0,2.93,23,5,1,None,false,12.722222222222221,6.0,0.0,0.6133928571428571,19.56
6.0,1.99,16,6,1,None,false,0.0,24.0,254.0,10.943654822335034,10.8
1.0,2.12,20,0,1,"Martin Luther King, Jr. Day",true,3.0,24.0,13.0,-2.3351145038167944,10.3
1.0,2.5,15,6,1,None,false,3.0,24.0,13.0,2.4039473684210493,11.8
1.0,2.19,19,4,1,None,false,0.0,6.0,0.0,4.571929824561403,15.36
1.0,4.6,11,6,1,None,false,0.0,24.0,254.0,10.943654822335034,23.15
1.0,1.71,21,0,1,None,false,0.0,24.0,282.0,2.462499999999998,10.3
1.0,4.16,7,3,1,None,false,0.0,6.0,0.0,-1.9500000000000008,24.12
1.0,0.77,10,5,1,None,false,0.0,24.0,102.0,7.808965517241381,5.8
1.0,1.16,0,3,1,None,false,0.0,1.0,0.0,-0.040000000000000036,7.3
1.0,2.7,14,6,1,None,false,0.0,24.0,254.0,10.943654822335034,15.35
1.0,2.07,13,2,1,None,false,0.0,1.0,0.0,-0.15357142857142847,15.36
1.0,4.9,21,4,1,None,false,15.647058823529413,6.0,0.0,3.3651785714285696,22.25
1.0,1.57,20,4,1,None,false,0.0,1.0,0.0,4.384090909090913,null
3.0,2.4,22,2,1,None,false,29.058823529411764,24.0,3.0,6.18571428571429,12.8
5.0,0.64,20,1,1,None,false,0.0,6.0,0.0,-7.20625,5.8
1.0,0.7,12,4,1,None,false,0.0,1.0,0.0,-2.999107142857142,5.8
1.0,1.21,3,1,1,None,false,0.0,6.0,0.0,-7.20625,7.3
1.0,0.82,17,0,1,None,false,0.0,1.0,0.0,0.12389380530973428,10.14
1.0,0.82,22,2,1,None,false,0.0,6.0,0.0,-2.06875,6.8
1.0,1.33,18,1,1,None,false,0.0,6.0,0.0,0.1594594594594597,10.8
1.0,4.01,13,3,1,None,false,20.47058823529412,1.0,0.0,2.003571428571429,null
1.0,4.49,11,1,1,None,false,43.529411764705884,6.0,0.0,3.5794642857142853,46.62
null,0.63,17,1,1,None,false,0.0,1.0,0.0,-5.393749999999998,8.3
null,3.21,22,6,1,None,false,3.0,24.0,13.0,2.4039473684210493,15.8
1.0,2.76,15,6,1,None,false,3.0,24.0,13.0,2.4039473684210493,13.3
1.0,1.1,8,0,1,None,false,0.0,24.0,282.0,2.462499999999998,7.3
2.0,1.15,22,3,1,None,false,20.47058823529412,1.0,0.0,2.003571428571429,7.3
1.0,4.5,2,6,1,None,false,0.0,24.0,254.0,10.943654822335034,22.3
1.0,1.65,18,4,1,None,false,15.647058823529413,6.0,0.0,3.3651785714285696,11.3
1.0,0.68,17,5,1,None,false,0.0,1.0,0.0,2.567857142857142,5.8
1.0,3.6,7,6,1,None,false,0.0,24.0,254.0,10.943654822335034,15.3
2.0,2.7,12,6,1,None,false,0.0,1.0,0.0,3.846428571428569,13.8
1.0,2.22,16,4,1,None,false,0.0,1.0,0.0,-2.999107142857142,20.3
1.0,5.2,12,6,1,None,false,0.0,24.0,254.0,10.943654822335034,23.8
null,2.6,8,3,1,None,false,0.0,1.0,0.0,-0.040000000000000036,14.15
1.0,0.6,20,2,1,None,false,0.0,1.0,0.0,-0.15357142857142847,5.3
1.0,13.7,8,4,1,None,false,15.647058823529413,6.0,0.0,3.3651785714285696,49.34
3.0,0.81,0,5,1,None,false,32.8421052631579,24.0,241.0,-2.7437185929648207,7.3
1.0,1.1,8,3,1,None,false,0.0,1.0,0.0,-0.040000000000000036,6.8
1.0,0.85,8,0,1,None,false,54.411764705882355,6.0,0.0,-0.3089285714285713,6.96
null,5.55,17,0,1,None,false,54.411764705882355,6.0,0.0,-0.3089285714285713,22.8
1.0,1.0,9,3,1,None,false,0.0,6.0,0.0,-1.9500000000000008,5.8
1.0,2.58,0,5,1,None,false,32.8421052631579,24.0,241.0,-2.7437185929648207,11.3
1.0,2.92,16,1,1,None,false,43.529411764705884,6.0,0.0,3.5794642857142853,19.3
1.0,0.72,8,1,1,None,false,0.0,6.0,0.0,0.1594594594594597,7.54
1.0,10.54,5,3,1,None,false,0.0,1.0,0.0,-0.040000000000000036,49.18
1.0,10.89,20,0,1,"Martin Luther King, Jr. Day",true,3.0,24.0,13.0,-2.3351145038167944,41.16
1.0,1.38,13,3,1,None,false,0.0,6.0,0.0,-1.9500000000000008,7.8
1.0,2.4,15,0,1,None,false,0.0,24.0,282.0,2.462499999999998,13.8
1.0,11.69,14,3,1,None,false,0.0,6.0,0.0,3.180645161290322,41.76
1.0,2.1,19,1,1,None,false,43.529411764705884,6.0,0.0,3.5794642857142853,10.8
1.0,1.22,1,2,1,None,false,29.058823529411764,24.0,3.0,6.18571428571429,6.8
2.0,3.2,18,6,1,None,false,0.0,1.0,0.0,3.846428571428569,12.3
1.0,7.25,19,4,1,None,false,0.0,1.0,0.0,4.384090909090913,36.96
5.0,6.43,2,6,1,None,false,0.0,24.0,254.0,10.943654822335034,21.8
3.0,4.21,22,6,1,None,false,3.0,24.0,13.0,2.4039473684210493,19.75
1.0,7.43,1,5,1,None,false,0.0,24.0,102.0,7.808965517241381,27.3
1.0,3.75,14,2,1,None,false,29.058823529411764,24.0,3.0,6.18571428571429,18.8
1.0,1.76,1,2,1,None,false,0.0,6.0,0.0,-2.06875,10.56
1.0,8.56,11,0,1,None,false,0.0,1.0,0.0,0.12389380530973428,28.8
1.0,1.59,11,4,1,None,false,0.0,6.0,0.0,4.571929824561403,8.3
1.0,4.4,14,0,1,"Martin Luther King, Jr. Day",true,3.0,24.0,13.0,-2.3351145038167944,19.8
2.0,1.05,21,6,1,None,false,3.0,24.0,13.0,2.4039473684210493,null
1.0,6.01,0,5,1,None,false,12.722222222222221,6.0,0.0,0.6133928571428571,28.56
1.0,1.08,17,6,1,None,false,3.0,24.0,13.0,2.4039473684210493,8.84
5.0,1.21,11,0,1,"Martin Luther King, Jr. Day",true,3.0,24.0,13.0,-2.3351145038167944,10.14
1.0,2.6,6,6,1,None,false,0.0,24.0,254.0,10.943654822335034,10.3
1.0,14.8,16,2,1,None,false,0.0,1.0,0.0,-0.15357142857142847,74.12
1.0,7.64,13,3,1,None,false,20.47058823529412,1.0,0.0,2.003571428571429,35.16
1.0,1.3,8,2,1,None,false,0.0,1.0,0.0,-0.15357142857142847,8.8
1.0,2.62,19,4,1,None,false,0.0,1.0,0.0,-2.999107142857142,22.3
1.0,1.94,17,4,1,None,false,0.0,6.0,0.0,4.571929824561403,13.18
1.0,3.4,23,2,1,None,false,0.0,6.0,0.0,-2.06875,17.8
1.0,2.01,12,4,1,None,false,0.0,1.0,0.0,-2.999107142857142,8.8
1.0,1.29,21,6,1,None,false,0.0,24.0,254.0,10.943654822335034,7.8
1.0,2.15,19,6,1,None,false,0.0,1.0,0.0,3.846428571428569,10.3
5.0,1.63,4,5,1,None,false,12.722222222222221,6.0,0.0,0.6133928571428571,9.3
1.0,0.9,10,4,1,None,false,0.0,6.0,0.0,4.571929824561403,6.8
3.0,2.78,19,3,1,None,false,0.0,1.0,0.0,-0.040000000000000036,10.8
1.0,2.02,20,6,1,None,false,3.0,24.0,13.0,2.4039473684210493,12.25
1.0,2.42,0,3,1,None,false,0.0,6.0,0.0,-1.9500000000000008,10.8
1.0,1.2,21,2,1,None,false,29.058823529411764,24.0,3.0,6.18571428571429,10.35
1.0,5.27,3,4,1,None,false,0.0,1.0,0.0,-2.999107142857142,18.8
1.0,2.57,19,3,1,None,false,0.0,6.0,0.0,-1.9500000000000008,12.3
1.0,0.61,1,0,1,None,false,54.411764705882355,6.0,0.0,-0.3089285714285713,9.36
1.0,0.35,9,0,1,"Martin Luther King, Jr. Day",true,3.0,24.0,13.0,-2.3351145038167944,4.3
1.0,1.33,12,1,1,None,false,0.0,6.0,0.0,0.1594594594594597,7.8
1.0,4.35,12,3,1,None,false,0.0,6.0,0.0,-1.9500000000000008,29.16
1.0,1.84,9,5,1,None,false,0.0,6.0,3.0,6.710273972602741,11.16
1.0,8.43,4,5,1,None,false,0.0,6.0,3.0,6.710273972602741,27.8
1.0,2.6,8,3,1,None,false,20.47058823529412,1.0,0.0,2.003571428571429,17.3
1.0,1.35,12,2,1,None,false,0.0,6.0,0.0,-0.8963963963963966,7.8
1.0,3.17,20,2,1,None,false,0.0,1.0,0.0,-0.15357142857142847,15.8
1.0,1.3,11,3,1,None,false,0.0,6.0,0.0,3.180645161290322,9.55
1.0,2.47,15,3,1,None,false,0.0,6.0,0.0,-1.9500000000000008,13.8
1.0,8.87,0,5,1,None,false,0.0,24.0,102.0,7.808965517241381,39.96
1.0,1.88,1,1,1,None,false,0.0,6.0,0.0,-7.20625,10.4
1.0,0.6,0,6,1,None,false,0.0,1.0,0.0,3.846428571428569,6.96
1.0,0.7,20,2,1,None,false,0.0,6.0,0.0,-2.06875,6.3
1.0,3.27,12,0,1,None,false,0.0,24.0,282.0,2.462499999999998,21.36
1.0,1.53,17,6,1,None,false,0.0,1.0,0.0,3.846428571428569,8.8
1.0,2.35,2,6,1,None,false,0.0,24.0,254.0,10.943654822335034,12.96
1.0,0.59,19,3,1,None,false,0.0,1.0,0.0,-0.040000000000000036,8.84
1.0,1.99,18,0,1,"Martin Luther King, Jr. Day",true,3.0,24.0,13.0,-2.3351145038167944,10.3
2.0,3.71,13,6,1,None,false,0.0,24.0,254.0,10.943654822335034,18.36
1.0,0.9,2,3,1,None,false,0.0,6.0,0.0,3.180645161290322,7.55
1.0,0.9,7,4,1,None,false,0.0,6.0,0.0,4.571929824561403,9.8
1.0,12.43,20,5,1,None,false,0.0,24.0,102.0,7.808965517241381,36.3
1.0,0.6,1,4,1,None,false,0.0,6.0,0.0,4.571929824561403,5.3
1.0,5.65,17,4,1,None,false,0.0,1.0,0.0,-2.999107142857142,32.21
1.0,0.79,16,3,1,None,false,0.0,1.0,0.0,-0.040000000000000036,6.8
5.0,0.51,18,2,1,None,false,0.0,6.0,0.0,-0.8963963963963966,6.8
1.0,3.5,12,2,1,None,false,0.0,6.0,0.0,-0.8963963963963966,22.55
1.0,7.29,7,4,1,None,false,0.0,1.0,0.0,-2.999107142857142,22.8
1.0,2.4,23,4,1,None,false,0.0,1.0,0.0,-2.999107142857142,13.0
1.0,4.06,16,3,1,None,false,0.0,6.0,0.0,3.180645161290322,20.3
1.0,2.3,7,3,1,None,false,20.47058823529412,1.0,0.0,2.003571428571429,12.3
1.0,3.2,3,4,1,New Year's Day,true,0.0,1.0,0.0,5.197345132743359,15.8
2.0,3.9,23,6,1,None,false,3.0,24.0,13.0,2.4039473684210493,14.8
1.0,3.9,5,1,1,None,false,0.0,1.0,0.0,-5.393749999999998,13.0
1.0,1.18,8,2,1,None,false,29.058823529411764,24.0,3.0,6.18571428571429,8.3
1.0,1.18,22,6,1,None,false,3.0,24.0,13.0,2.4039473684210493,7.3
1.0,1.2,1,5,1,None,false,0.0,6.0,3.0,6.710273972602741,7.8
null,1.8,21,0,1,None,false,0.0,1.0,0.0,0.12389380530973428,14.65
1.0,3.21,18,3,1,None,false,0.0,6.0,0.0,-1.9500000000000008,19.3
1.0,0.86,14,6,1,None,false,0.0,1.0,0.0,3.846428571428569,6.3
1.0,8.55,23,3,1,None,false,0.0,6.0,0.0,3.180645161290322,27.3
1.0,18.07,13,5,1,None,false,0.0,1.0,0.0,2.567857142857142,56.34
6.0,0.79,17,0,1,None,false,54.411764705882355,6.0,0.0,-0.3089285714285713,6.8
1.0,1.54,19,1,1,None,false,43.529411764705884,6.0,0.0,3.5794642857142853,15.36
1.0,0.3,12,1,1,None,false,0.0,1.0,0.0,-5.393749999999998,12.35
5.0,2.7,19,0,1,None,false,54.411764705882355,6.0,0.0,-0.3089285714285713,17.88
1.0,1.05,8,4,1,None,false,15.647058823529413,6.0,0.0,3.3651785714285696,7.8
2.0,1.2,20,5,1,None,false,12.722222222222221,6.0,0.0,0.6133928571428571,7.3
5.0,0.81,18,4,1,None,false,15.647058823529413,6.0,0.0,3.3651785714285696,9.36
1.0,0.46,9,3,1,None,false,0.0,6.0,0.0,3.180645161290322,6.36
5.0,2.41,7,2,1,None,false,29.058823529411764,24.0,3.0,6.18571428571429,12.98
1.0,2.07,22,5,1,None,false,12.722222222222221,6.0,0.0,0.6133928571428571,11.3
1.0,2.94,16,1,1,None,false,0.0,1.0,0.0,-5.393749999999998,15.8
1.0,1.4,19,1,1,None,false,0.0,6.0,0.0,-7.20625,9.3
1.0,2.12,7,6,1,None,false,3.0,24.0,13.0,2.4039473684210493,9.8
1.0,1.0,21,1,1,None,false,0.0,1.0,0.0,-5.393749999999998,8.16
1.0,1.16,3,0,1,None,false,0.0,24.0,282.0,2.462499999999998,7.8
1.0,0.99,20,3,1,None,false,0.0,6.0,0.0,-1.9500000000000008,null
1.0,2.76,13,1,1,None,false,0.0,1.0,0.0,-5.393749999999998,16.8
1.0,62.55,11,5,1,None,false,0.0,24.0,102.0,7.808965517241381,339.38
1.0,0.41,21,1,1,None,false,0.0,1.0,0.0,-5.393749999999998,5.76
1.0,7.88,23,4,1,None,false,0.0,1.0,0.0,-2.999107142857142,29.3
1.0,0.52,7,3,1,None,false,0.0,6.0,0.0,3.180645161290322,5.8
1.0,1.32,17,2,1,None,false,0.0,6.0,0.0,-2.06875,10.3
null,1.68,16,3,1,None,false,20.47058823529412,1.0,0.0,2.003571428571429,8.8
1.0,5.05,11,2,1,None,false,0.0,6.0,0.0,-0.8963963963963966,21.8
1.0,3.36,9,6,1,None,false,0.0,1.0,0.0,3.846428571428569,16.56
1.0,0.41,17,2,1,None,false,0.0,6.0,0.0,-2.06875,5.8
1.0,0.84,0,6,1,None,false,0.0,24.0,254.0,10.943654822335034,6.8
1.0,0.65,15,1,1,None,false,0.0,6.0,0.0,-7.20625,4.8
5.0,1.64,20,3,1,None,false,0.0,6.0,0.0,-1.9500000000000008,11.8
1.0,0.62,8,3,1,None,false,0.0,6.0,0.0,-1.9500000000000008,5.8
2.0,0.8,0,4,1,New Year's Day,true,0.0,1.0,0.0,5.197345132743359,7.48
1.0,0.74,5,4,1,New Year's Day,true,0.0,1.0,0.0,5.197345132743359,7.56
1.0,0.58,17,1,1,None,false,0.0,6.0,0.0,0.1594594594594597,null
1.0,0.37,15,2,1,None,false,0.0,6.0,0.0,-2.06875,4.3
1.0,16.2,17,5,1,None,false,0.0,6.0,3.0,6.710273972602741,55.55
2.0,2.82,21,2,1,None,false,0.0,6.0,0.0,-0.8963963963963966,13.3
1.0,1.25,21,4,1,None,false,15.647058823529413,6.0,0.0,3.3651785714285696,7.3
1.0,1.65,20,6,1,None,false,0.0,24.0,254.0,10.943654822335034,12.74
1.0,3.46,7,0,1,None,false,0.0,1.0,0.0,0.12389380530973428,14.8
1.0,2.09,15,1,1,None,false,0.0,6.0,0.0,0.1594594594594597,11.8
1.0,6.65,19,5,1,None,false,0.0,24.0,102.0,7.808965517241381,26.62
2.0,1.07,21,6,1,None,false,0.0,1.0,0.0,3.846428571428569,7.3
1.0,2.57,9,0,1,None,false,0.0,1.0,0.0,0.12389380530973428,16.56
1.0,3.1,20,1,1,None,false,0.0,6.0,0.0,0.1594594594594597,null
1.0,1.95,18,6,1,None,false,3.0,24.0,13.0,2.4039473684210493,10.8
1.0,0.3,23,0,1,"Martin Luther King, Jr. Day",true,3.0,24.0,13.0,-2.3351145038167944,4.8
1.0,7.88,18,2,1,None,false,0.0,6.0,0.0,-2.06875,29.8
1.0,2.16,23,6,1,None,false,3.0,24.0,13.0,2.4039473684210493,12.96
1.0,1.23,21,4,1,None,false,0.0,6.0,0.0,4.571929824561403,7.8
1.0,3.29,0,6,1,None,false,3.0,24.0,13.0,2.4039473684210493,14.8
1.0,0.83,12,1,1,None,false,0.0,6.0,0.0,0.1594594594594597,7.3
1.0,0.7,21,0,1,None,false,0.0,1.0,0.0,0.12389380530973428,8.15
5.0,2.27,22,1,1,None,false,43.529411764705884,6.0,0.0,3.5794642857142853,14.16
1.0,4.52,14,0,1,None,false,54.411764705882355,6.0,0.0,-0.3089285714285713,23.5
null,5.21,8,1,1,None,false,0.0,6.0,0.0,-7.20625,26.16
1.0,1.02,1,2,1,None,false,29.058823529411764,24.0,3.0,6.18571428571429,6.8
1.0,2.1,0,5,1,None,false,12.722222222222221,6.0,0.0,0.6133928571428571,12.95
1.0,1.52,19,3,1,None,false,0.0,6.0,0.0,-1.9500000000000008,12.0
1.0,1.12,1,6,1,None,false,0.0,1.0,0.0,3.846428571428569,9.36
1.0,11.32,9,0,1,"Martin Luther King, Jr. Day",true,3.0,24.0,13.0,-2.3351145038167944,45.41
1.0,1.0,0,1,1,None,false,0.0,1.0,0.0,-5.393749999999998,9.8
5.0,1.14,0,4,1,None,false,0.0,1.0,0.0,4.384090909090913,6.8
1.0,1.52,0,5,1,None,false,32.8421052631579,24.0,241.0,-2.7437185929648207,8.3
1.0,1.0,18,4,1,None,false,15.647058823529413,6.0,0.0,3.3651785714285696,8.8
3.0,3.03,6,6,1,None,false,0.0,1.0,0.0,3.846428571428569,11.8
1.0,10.26,4,5,1,None,false,0.0,1.0,0.0,2.567857142857142,36.84
1.0,2.76,21,3,1,None,false,0.0,6.0,0.0,-1.9500000000000008,15.96
1.0,5.1,19,3,1,None,false,0.0,6.0,0.0,3.180645161290322,24.95
1.0,6.22,13,5,1,None,false,0.0,1.0,0.0,2.567857142857142,23.3
1.0,6.37,0,6,1,None,false,3.0,24.0,13.0,2.4039473684210493,24.36
1.0,1.9,1,1,1,None,false,43.529411764705884,6.0,0.0,3.5794642857142853,9.8
1.0,1.99,14,4,1,None,false,0.0,1.0,0.0,4.384090909090913,12.3
1.0,0.83,14,4,1,New Year's Day,true,0.0,1.0,0.0,5.197345132743359,6.3
1.0,1.0,7,3,1,None,false,20.47058823529412,1.0,0.0,2.003571428571429,11.3
1.0,3.98,7,2,1,None,false,0.0,6.0,0.0,-0.8963963963963966,20.16
1.0,2.6,9,4,1,None,false,0.0,1.0,0.0,-2.999107142857142,13.8
1.0,2.38,9,3,1,None,false,20.47058823529412,1.0,0.0,2.003571428571429,11.8
1.0,4.6,15,5,1,None,false,0.0,1.0,0.0,2.567857142857142,20.3
1.0,7.93,10,3,1,None,false,0.0,6.0,0.0,-1.9500000000000008,25.0
2.0,0.9,18,5,1,None,false,12.722222222222221,6.0,0.0,0.6133928571428571,10.0
3.0,4.3,15,6,1,None,false,0.0,24.0,254.0,10.943654822335034,18.96
1.0,2.29,11,2,1,None,false,0.0,1.0,0.0,-0.15357142857142847,20.16
1.0,2.03,5,2,1,None,false,0.0,6.0,0.0,-0.8963963963963966,12.36
1.0,0.84,23,2,1,None,false,0.0,6.0,0.0,-2.06875,6.96
1.0,3.6,19,1,1,None,false,43.529411764705884,6.0,0.0,3.5794642857142853,16.3
1.0,4.3,19,0,1,None,false,0.0,1.0,0.0,0.12389380530973428,15.8
1.0,1.92,13,3,1,None,false,0.0,6.0,0.0,3.180645161290322,10.8
1.0,1.13,22,1,1,None,false,43.529411764705884,6.0,0.0,3.5794642857142853,7.3
1.0,3.5,0,5,1,None,false,12.722222222222221,6.0,0.0,0.6133928571428571,15.3
1.0,1.2,16,0,1,None,false,0.0,1.0,0.0,0.12389380530973428,11.4
1.0,8.64,12,6,1,None,false,0.0,24.0,254.0,10.943654822335034,32.76
1.0,1.0,8,1,1,None,false,0.0,6.0,0.0,0.1594594594594597,7.3
1.0,1.12,6,0,1,"Martin Luther King, Jr. Day",true,3.0,24.0,13.0,-2.3351145038167944,6.8
1.0,2.0,12,4,1,None,false,0.0,6.0,0.0,4.571929824561403,3.3
2.0,2.17,17,2,1,None,false,0.0,6.0,0.0,-2.06875,12.8
1.0,1.99,19,5,1,None,false,12.722222222222221,6.0,0.0,0.6133928571428571,11.76
1.0,0.74,14,2,1,None,false,0.0,1.0,0.0,-0.15357142857142847,5.3
null,3.35,19,4,1,New Year's Day,true,0.0,1.0,0.0,5.197345132743359,15.8
null,1.7,16,2,1,None,false,0.0,6.0,0.0,-2.06875,10.3
1.0,1.97,1,3,1,None,false,0.0,6.0,0.0,3.180645161290322,8.8
1.0,1.05,15,2,1,None,false,0.0,6.0,0.0,-2.06875,8.3
1.0,2.2,12,6,1,None,false,0.0,1.0,0.0,3.846428571428569,11.3
null,0.73,18,0,1,None,false,0.0,1.0,0.0,0.12389380530973428,8.76
1.0,0.72,16,1,1,None,false,0.0,6.0,0.0,-7.20625,9.36
1.0,3.4,20,5,1,None,false,12.722222222222221,6.0,0.0,0.6133928571428571,17.3
1.0,0.71,17,5,1,None,false,12.722222222222221,6.0,0.0,0.6133928571428571,6.96
1.0,0.57,19,3,1,None,false,0.0,1.0,0.0,-0.040000000000000036,7.56
1.0,1.8,17,4,1,None,false,0.0,1.0,0.0,4.384090909090913,10.8
1.0,1.96,0,6,1,None,false,0.0,24.0,254.0,10.943654822335034,13.5
2.0,7.4,22,5,1,None,false,0.0,24.0,102.0,7.808965517241381,26.3
2.0,2.14,21,5,1,None,false,0.0,6.0,3.0,6.710273972602741,14.76
1.0,1.01,18,1,1,None,false,0.0,1.0,0.0,-5.393749999999998,6.8
1.0,4.59,9,3,1,None,false,0.0,6.0,0.0,3.180645161290322,23.16
5.0,0.38,20,2,1,None,false,0.0,6.0,0.0,-0.8963963963963966,5.3
1.0,1.38,7,3,1,None,false,0.0,6.0,0.0,-1.9500000000000008,8.3
1.0,1.06,20,3,1,None,false,0.0,6.0,0.0,3.180645161290322,6.8
1.0,2.01,5,4,1,New Year's Day,true,0.0,1.0,0.0,5.197345132743359,11.8
1.0,1.93,4,6,1,None,false,3.0,24.0,13.0,2.4039473684210493,10.3
1.0,6.31,8,3,1,None,false,0.0,6.0,0.0,3.180645161290322,32.3
1.0,0.9,14,1,1,None,false,43.529411764705884,6.0,0.0,3.5794642857142853,6.3
1.0,2.5,17,5,1,None,false,0.0,1.0,0.0,2.567857142857142,14.3
1.0,0.5,1,6,1,None,false,0.0,1.0,0.0,3.846428571428569,5.3
1.0,1.15,21,4,1,None,false,0.0,1.0,0.0,-2.999107142857142,7.3
1.0,1.7,1,3,1,None,false,0.0,6.0,0.0,-1.9500000000000008,8.8
1.0,2.27,1,1,1,None,false,0.0,6.0,0.0,-7.20625,9.8
1.0,0.96,10,3,1,None,false,20.47058823529412,1.0,0.0,2.003571428571429,7.8
null,2.53,18,0,1,None,false,54.411764705882355,6.0,0.0,-0.3089285714285713,13.3
4.0,2.7,14,5,1,None,false,0.0,6.0,3.0,6.710273972602741,10.0
1.0,1.9,10,6,1,None,false,67.0909090909091,24.0,462.0,-2.702112676056339,12.8
1.0,1.34,2,6,1,None,false,0.0,24.0,254.0,10.943654822335034,7.8
1.0,1.4,18,4,1,None,false,15.647058823529413,6.0,0.0,3.3651785714285696,10.3
1.0,11.64,14,3,1,None,false,20.47058823529412,1.0,0.0,2.003571428571429,48.73
1.0,2.3,20,4,1,None,false,0.0,1.0,0.0,-2.999107142857142,10.8
1.0,3.12,17,4,1,New Year's Day,true,0.0,1.0,0.0,5.197345132743359,14.3
1.0,1.57,17,3,1,None,false,0.0,1.0,0.0,-0.040000000000000036,9.3
1.0,0.82,20,2,1,None,false,0.0,6.0,0.0,-0.8963963963963966,6.8
1.0,3.8,18,5,1,None,false,0.0,6.0,3.0,6.710273972602741,20.15
1.0,3.82,16,2,1,None,false,29.058823529411764,24.0,3.0,6.18571428571429,19.89
1.0,3.71,11,6,1,None,false,67.0909090909091,24.0,462.0,-2.702112676056339,17.8
1.0,0.32,4,0,1,"Martin Luther King, Jr. Day",true,3.0,24.0,13.0,-2.3351145038167944,4.8
1.0,2.0,23,3,1,None,false,0.0,6.0,0.0,-1.9500000000000008,11.3
5.0,2.84,23,2,1,None,false,0.0,6.0,0.0,-0.8963963963963966,16.56
1.0,2.72,15,1,1,None,false,0.0,1.0,0.0,-5.393749999999998,14.75
1.0,0.98,15,4,1,None,false,15.647058823529413,6.0,0.0,3.3651785714285696,5.8
1.0,0.62,16,1,1,None,false,43.529411764705884,6.0,0.0,3.5794642857142853,6.3
2.0,1.3,18,4,1,None,false,0.0,1.0,0.0,-2.999107142857142,9.8
1.0,0.3,15,0,1,None,false,0.0,24.0,282.0,2.462499999999998,4.3
1.0,0.85,0,4,1,None,false,15.647058823529413,6.0,0.0,3.3651785714285696,7.3
1.0,0.53,16,4,1,None,false,0.0,1.0,0.0,-2.999107142857142,6.3
1.0,2.53,20,5,1,None,false,0.0,1.0,0.0,2.567857142857142,14.16
1.0,2.4,16,4,1,None,false,15.647058823529413,6.0,0.0,3.3651785714285696,13.8
1.0,1.86,7,0,1,None,false,0.0,1.0,0.0,0.12389380530973428,8.8
2.0,3.99,4,1,1,None,false,0.0,1.0,0.0,-5.393749999999998,17.3
1.0,0.98,20,5,1,None,false,0.0,1.0,0.0,2.567857142857142,6.8
1.0,2.3,10,2,1,None,false,29.058823529411764,24.0,3.0,6.18571428571429,11.8
1.0,2.71,0,2,1,None,false,29.058823529411764,24.0,3.0,6.18571428571429,13.3
1.0,1.37,17,0,1,None,false,54.411764705882355,6.0,0.0,-0.3089285714285713,10.8
2.0,2.6,8,4,1,None,false,0.0,1.0,0.0,-2.999107142857142,25.55
1.0,2.21,18,5,1,None,false,0.0,6.0,3.0,6.710273972602741,11.3
1.0,0.74,19,2,1,None,false,0.0,1.0,0.0,-0.15357142857142847,7.3
2.0,2.52,11,3,1,None,false,20.47058823529412,1.0,0.0,2.003571428571429,13.56
2.0,16.28,8,0,1,None,false,54.411764705882355,6.0,0.0,-0.3089285714285713,66.41
1.0,1.02,15,3,1,None,false,0.0,1.0,0.0,-0.040000000000000036,7.8
1.0,2.36,17,1,1,None,false,0.0,6.0,0.0,-7.20625,16.62
2.0,2.47,21,3,1,None,false,0.0,6.0,0.0,-1.9500000000000008,15.36
1.0,5.0,19,2,1,None,false,29.058823529411764,24.0,3.0,6.18571428571429,20.3
1.0,0.43,14,0,1,None,false,0.0,1.0,0.0,0.12389380530973428,4.8
1.0,4.74,18,4,1,New Year's Day,true,0.0,1.0,0.0,5.197345132743359,20.76
2.0,1.3,19,2,1,None,false,29.058823529411764,24.0,3.0,6.18571428571429,9.3
5.0,0.41,18,4,1,None,false,0.0,1.0,0.0,4.384090909090913,5.8
1.0,1.19,15,2,1,None,false,0.0,1.0,0.0,-0.15357142857142847,9.12
1.0,6.86,15,3,1,None,false,0.0,1.0,0.0,-0.040000000000000036,28.3
1.0,7.08,8,4,1,None,false,15.647058823529413,6.0,0.0,3.3651785714285696,29.16
1.0,4.29,21,3,1,None,false,20.47058823529412,1.0,0.0,2.003571428571429,15.3
1.0,7.3,15,2,1,None,false,0.0,6.0,0.0,-0.8963963963963966,32.75
1.0,4.22,19,3,1,None,false,0.0,6.0,0.0,3.180645161290322,23.5
1.0,0.53,18,0,1,None,false,0.0,24.0,282.0,2.462499999999998,7.8
1.0,0.71,16,2,1,None,false,0.0,6.0,0.0,-2.06875,7.3
1.0,0.63,14,0,1,None,false,0.0,1.0,0.0,0.12389380530973428,6.8
1.0,1.26,15,5,1,None,false,0.0,24.0,102.0,7.808965517241381,10.14
3.0,0.79,9,2,1,None,false,0.0,1.0,0.0,-0.15357142857142847,5.8
1.0,7.05,19,4,1,None,false,0.0,1.0,0.0,4.384090909090913,32.8
1.0,1.4,7,3,1,None,false,20.47058823529412,1.0,0.0,2.003571428571429,7.3
1.0,5.7,11,1,1,None,false,0.0,1.0,0.0,-5.393749999999998,28.56
1.0,1.52,8,3,1,None,false,0.0,1.0,0.0,-0.040000000000000036,11.76
2.0,0.94,15,0,1,None,false,0.0,24.0,282.0,2.462499999999998,7.3
1.0,1.05,8,0,1,None,false,54.411764705882355,6.0,0.0,-0.3089285714285713,8.8
1.0,1.1,19,0,1,None,false,0.0,1.0,0.0,0.12389380530973428,8.75
null,1.3,19,2,1,None,false,0.0,6.0,0.0,-0.8963963963963966,8.8
1.0,2.6,1,4,1,New Year's Day,true,0.0,1.0,0.0,5.197345132743359,14.75
1.0,1.72,8,5,1,None,false,12.722222222222221,6.0,0.0,0.6133928571428571,8.0
1.0,1.99,13,3,1,None,false,20.47058823529412,1.0,0.0,2.003571428571429,11.3
1.0,1.36,2,2,1,None,false,0.0,6.0,0.0,-2.06875,9.96
1.0,0.7,16,0,1,None,false,0.0,1.0,0.0,0.12389380530973428,8.3
